16.849999999999998,7.755
4.8500000000000005,20.66
22.104999999999997,10.905
7.1049999999999995,15.04
22.110000000000003,15.405
7.26,14.879999999999999
22.19,14.885
16.7,7.43
4.37,21.375
21.57,11.31
7.47,14.854999999999999
21.6,15.25
16.375,7.43
4.640000000000001,20.795
21.869999999999997,11.055
16.025000000000002,8.125
5.135,21.225
21.73,11.415000000000001
7.215,15.16
21.575000000000003,15.225
16.205000000000002,7.595
4.78,20.66
21.595,10.620000000000001
6.944999999999999,14.719999999999999
21.880000000000003,15.445
7.54,14.959999999999999
22.125,15.23
16.560000000000002,7.66
4.55,21.315
21.39,11.205
7.375,14.69
21.925,15.465
16.345000000000002,7.585
4.5,20.905
21.435,10.620000000000001
16.380000000000003,7.805
4.8500000000000005,21.465
21.605,11.215
7.29,15.43
22.075000000000003,14.895
16.59,7.625
4.930000000000001,20.885
21.509999999999998,10.905000000000001
6.96,14.825
21.475,15.43
7.35,15.114999999999998
21.67,15.02
16.310000000000002,7.375
5.16,21.200000000000003
21.384999999999998,11.46
7.375,14.655
22.310000000000002,15.165
16.505000000000003,8.27
5.165,21.095000000000002
21.745,11.430000000000001
16.035,7.93
4.390000000000001,21.105
21.83,11.045
7.154999999999999,15.16
21.85,15.295
16.110000000000003,7.68
4.640000000000001,20.665000000000003
21.259999999999998,11.15
7.159999999999999,14.535
22.240000000000002,15.02
7.3999999999999995,16.165
21.650000000000002,15.455
16.75,7.93
5.015000000000001,21.135
21.65,10.760000000000002
7.7299999999999995,15.675
21.545,15.075
16.580000000000002,7.404999999999999
4.745,20.84
21.325,11.445
16.35,8.095
4.66,21.310000000000002
20.965,11.005
7.255,15.77
22.13,15.275
15.925,7.734999999999999
5.615,21.815
21.505,11.42
7.159999999999999,15.54
22.025,14.780000000000001
7.705,15.785
21.365,15.27
15.84,7.7700000000000005
5.45,21.42
21.75,10.835
6.965,15.545
21.72,14.74
15.8,8.06
5.46,22.0
21.145,11.05
15.645000000000001,8.010000000000002
5.485,21.625
21.305,10.92
7.39,16.195
21.895,15.435
16.03,8.190000000000001
4.955,21.945
21.335,11.115
7.375,15.39
21.81,15.0
6.904999999999999,15.79
21.715,15.485000000000001
15.915000000000001,7.880000000000001
5.050000000000001,21.745
21.37,10.68
7.05,15.56
21.44,14.84
15.57,7.950000000000001
5.425000000000001,21.845000000000002
20.755000000000003,11.3
15.895000000000001,8.265
5.385000000000001,21.405
21.520000000000003,11.1
7.455,15.88
21.815,15.265
15.4,8.34
4.985,22.075
21.195,10.91
7.505,15.535
22.055,14.885
7.2749999999999995,15.62
21.3,15.21
15.8,7.780000000000001
5.525,22.060000000000002
20.66,11.03
7.455,15.79
21.335,15.1
15.965,8.4
5.28,21.665
20.965,10.8
16.115000000000002,7.700000000000001
5.055000000000001,22.150000000000002
21.535,11.165
7.34,15.84
21.79,15.360000000000001
15.415000000000001,8.265
4.675000000000001,21.68
21.395000000000003,10.605
7.26,15.525
22.03,14.825000000000001
7.89,16.39
21.42,15.19
15.525,7.695
5.235,22.17
20.725,11.195
7.77,16.185000000000002
21.355,14.85
15.940000000000001,8.31
5.315,21.715
21.01,10.835
16.03,8.0
5.010000000000001,21.585
20.950000000000003,11.13
7.455,16.365000000000002
21.904999999999998,15.035
15.785,8.295
5.784999999999999,22.855
21.240000000000002,11.45
7.835,16.630000000000003
21.279999999999998,15.295
7.645,16.235000000000003
21.209999999999997,14.845
15.735000000000001,7.61
5.869999999999999,22.415
21.3,10.68
7.375,16.6
21.904999999999998,15.415000000000001
15.525,8.764999999999999
5.395,22.71
21.020000000000003,11.03
15.610000000000001,8.219999999999999
5.555,22.085
20.990000000000002,10.68
7.515,16.540000000000003
21.979999999999997,15.030000000000001
15.175,8.65
5.635,22.675
21.145,11.135
7.415,16.18
21.555,15.42
7.585,16.555
21.479999999999997,14.64
15.545,8.485
5.699999999999999,22.28
20.985,10.93
7.22,16.51
21.7,15.505
15.51,8.215
5.33,22.135
20.455,10.989999999999998
15.035,8.535
5.76,22.695
20.785,11.239999999999998
7.325,15.97
21.834999999999997,14.59
15.255,8.139999999999999
5.9399999999999995,22.355
20.71,10.809999999999999
7.645,16.450000000000003
21.22,15.13
7.895,16.205000000000002
21.33,14.84
15.49,8.61
5.574999999999999,22.905
20.55,10.61
7.55,16.435000000000002
21.97,15.145000000000001
15.565,7.96
5.7299999999999995,22.98
20.814999999999998,11.045
15.235000000000001,8.625
6.055,22.495
20.779999999999998,10.905
7.255,16.220000000000002
21.884999999999998,14.75
15.615,8.705
5.185,22.545
20.564999999999998,11.129999999999999
7.9750000000000005,16.98
21.235,15.095
7.7250000000000005,16.485
21.794999999999998,15.120000000000001
15.575000000000001,8.29
6.02,22.62
20.33,10.875
7.680000000000001,17.37
21.79,14.715
15.34,8.525
5.2749999999999995,22.775
20.779999999999998,11.354999999999999
15.125,8.18
5.215,22.38
20.79,10.709999999999999
7.8100000000000005,17.099999999999998
21.5,15.510000000000002
15.565,8.42
6.295,23.77
20.675,10.985
7.965,16.605
21.63,14.82
7.54,17.2
22.035,15.1
15.31,8.68
6.405,22.855
20.8,11.075
7.325,16.9
21.975,14.795
14.97,9.149999999999999
6.215,23.71
20.314999999999998,11.194999999999999
14.47,8.94
6.01,23.405
20.215,10.844999999999999
8.095,17.08
21.775000000000002,15.37
14.790000000000001,8.674999999999999
6.3,22.98
20.73,10.79
7.930000000000001,16.935
21.615000000000002,14.785
7.37,17.154999999999998
21.490000000000002,15.24
15.15,9.035
6.155,23.75
20.015,11.27
7.48,16.685
21.755,15.4
15.030000000000001,8.665
5.835,23.015
20.145000000000003,10.545
14.805,8.805
6.44,23.475
20.55,11.395
7.835,17.25
21.78,14.705
14.725,8.549999999999999
6.085,23.41
20.685000000000002,10.819999999999999
8.195,16.939999999999998
21.145,14.86
7.58,17.165
21.705000000000002,15.295
15.025,8.739999999999998
6.1000000000000005,23.17
20.255000000000003,11.315
7.53,16.91
21.385,15.155
14.81,8.91
6.5200000000000005,23.560000000000002
20.285,10.944999999999999
14.72,8.45
6.16,23.73
20.720000000000002,10.76
7.91,17.810000000000002
21.105,14.885
14.985000000000001,8.7
6.0,23.25
19.895000000000003,11.059999999999999
8.095,17.44
21.785,15.02
7.59,17.94
21.785,14.75
15.06,8.33
6.285,23.425
20.23,10.905
7.715,17.285
21.240000000000002,15.25
14.83,8.86
6.63,23.065
20.610000000000003,11.09
14.605,8.565
5.91,23.650000000000002
20.1,11.184999999999999
7.925,17.795
21.13,14.86
7.63,17.8
21.82,15.05
15.015,8.479999999999999
6.025,22.925
20.055,10.604999999999999
7.54,17.255
21.81,14.585
14.455,8.92
6.6499999999999995,23.87
20.51,11.29
7.965,17.57
21.265,15.185
14.815,8.334999999999999
7.035,23.655
20.400000000000002,10.725
7.96,17.185000000000002
21.255,14.865
14.85,8.995000000000001
6.79,24.330000000000002
19.91,11.094999999999999
14.59,8.575000000000001
6.595,23.605
19.975,10.729999999999999
7.3549999999999995,17.69
21.625,15.265
8.055,17.795
21.685,14.705
14.319999999999999,9.345
6.885,23.585
19.974999999999998,11.145
14.485,8.84
6.415,24.105
20.05,10.605
7.97,17.215
21.405,15.26
7.665,17.61
21.335,14.64
14.129999999999999,8.785
6.569999999999999,23.5
19.845,11.005
14.67,8.58
7.0649999999999995,23.490000000000002
19.509999999999998,10.965
8.045,17.55
21.175,15.115
8.16,17.44
21.395,14.5
13.989999999999998,9.035
6.66,23.945
20.125,11.39
14.104999999999999,8.675
6.51,23.725
20.08,10.72
7.52,17.775000000000002
21.97,14.96
7.665,17.28
21.855,14.715
14.59,8.58
6.84,24.330000000000002
19.62,11.325
14.055,9.15
7.14,23.53
19.535,10.725
8.125,18.57
21.17,15.205
8.290000000000001,17.965
21.355,14.695
14.58,9.375
6.4399999999999995,23.91
20.055,11.41
14.555,8.585
6.595,23.395000000000003
20.279999999999998,10.87
7.875000000000001,18.415
21.725,15.110000000000001
14.104999999999999,9.245000000000001
6.805,23.75
19.779999999999998,10.74
7.590000000000001,18.005
21.425,15.01
8.17,18.229999999999997
21.225,14.6
14.174999999999999,8.83
6.59,24.135
20.3,11.045
14.575,9.185
7.4399999999999995,24.495
19.88,11.09
8.0,18.174999999999997
19.435000000000002,31.65
7.795000000000001,18.095
19.625,31.244999999999997
14.575,8.885
7.534999999999999,24.09
19.73,10.885
14.434999999999999,8.64
7.1899999999999995,24.29
20.205,11.035
8.46,18.305
18.91,31.674999999999997
7.660000000000001,18.45
19.235000000000003,31.215
14.12,9.265
7.779999999999999,24.625
20.404999999999998,10.92
13.944999999999999,9.425
7.205,24.05
19.91,11.0
7.700000000000001,17.82
19.745,31.535
8.085,18.529999999999998
19.005000000000003,31.72
13.674999999999999,9.280000000000001
7.83,24.52
19.89,11.105
14.174999999999999,9.57
7.64,24.215
19.935000000000002,10.69
8.195,17.955
19.515,31.945
7.930000000000001,18.439999999999998
19.475,31.57
13.7,9.0
7.145,24.61
19.375,11.135
14.225,9.495000000000001
7.045,24.325
19.19,10.735
7.950000000000001,17.895
19.075000000000003,31.834999999999997
13.85,9.765
7.375,24.515
19.73,11.24
8.395000000000001,18.384999999999998
19.275000000000002,31.384999999999998
8.13,17.924999999999997
19.515,31.724999999999998
13.705,9.23
7.68,24.175
19.675,10.82
14.309999999999999,9.05
7.015,24.165
19.94,11.015
7.955000000000001,18.439999999999998
19.575000000000003,31.299999999999997
13.885,8.965
7.67,24.595
19.985,10.8
8.49,18.94
19.220000000000002,32.04
14.104999999999999,9.565000000000001
7.55,24.36
19.275000000000002,11.25
8.39,18.585
19.0,31.314999999999998
8.13,19.2
19.355,31.994999999999997
14.149999999999999,8.895000000000001
7.22,24.825
19.17,10.885
13.774999999999999,9.555000000000001
7.005,24.33
19.85,11.075
8.39,18.83
18.860000000000003,31.58
13.655,9.175
8.15,24.705
19.665,10.91
8.385000000000002,18.675
20.740000000000002,31.215
14.26,9.555000000000001
7.845000000000001,25.009999999999998
19.305,11.295
8.14,18.795
20.3,31.525
8.0,18.365
20.12,31.12
13.719999999999999,9.370000000000001
7.630000000000001,24.845
19.285,10.71
13.805,9.095
8.16,25.145
19.89,10.685
7.885000000000001,18.88
20.565,31.849999999999998
13.75,9.69
8.09,24.65
19.240000000000002,11.275
7.945,18.6
20.195,31.75
13.745,9.275
7.880000000000001,24.99
19.515,10.795
8.72,18.65
20.645000000000003,31.665
13.195,9.845
7.970000000000001,24.849999999999998
19.445,11.06
8.520000000000001,18.795
20.84,31.49
13.549999999999999,9.43
8.225000000000001,24.794999999999998
19.31,10.995000000000001
8.155000000000001,18.895
20.445,31.375
13.719999999999999,10.040000000000001
7.825000000000001,25.08
18.924999999999997,11.055000000000001
8.440000000000001,18.76
20.35,31.575
13.445,9.700000000000001
7.965000000000001,24.689999999999998
19.599999999999998,11.255
8.430000000000001,18.46
20.41,30.99
8.065000000000001,19.065
20.025000000000002,31.825
13.125,9.64
8.120000000000001,25.255
19.24,10.770000000000001
8.025,18.37
20.35,31.7
13.945,9.92
8.305000000000001,24.83
19.055,11.285
9.0,19.36
20.365000000000002,31.39
13.875,9.38
7.740000000000001,25.095
18.945,10.965
8.93,19.145
20.295,31.805
13.469999999999999,9.68
7.985,24.695
19.244999999999997,11.34
9.01,19.425
19.965,31.384999999999998
13.344999999999999,9.605
8.530000000000001,24.89
19.49,10.860000000000001
8.72,19.19
21.41,31.5
14.02,9.84
7.735,24.715
19.044999999999998,11.155000000000001
14.065,9.58
9.05,25.645
19.145,10.925
8.360000000000001,19.69
21.685000000000002,30.975
8.435,19.02
21.200000000000003,31.525000000000002
13.355,9.67
8.825000000000001,25.275
19.285,11.165000000000001
8.66,19.3
21.17,30.905
13.25,9.56
8.575000000000001,25.24
19.27,10.675
8.77,19.12
21.8,31.21
13.61,10.129999999999999
8.97,25.759999999999998
19.07,11.48
8.315,19.39
21.400000000000002,30.715
13.67,10.075
8.96,25.27
19.005,10.795
8.530000000000001,18.96
21.14,31.130000000000003
12.855,10.195
8.715,25.82
18.6,11.29
8.845,19.57
21.14,30.970000000000002
12.935,9.84
8.41,25.43
18.805,10.905
8.76,18.98
21.375,31.325000000000003
13.395,9.955
9.185,25.669999999999998
18.975,10.629999999999999
8.63,19.495
21.62,31.01
13.06,10.504999999999999
8.575000000000001,25.56
18.75,11.375
9.06,19.205000000000002
21.035,31.275000000000002
12.905,9.815
9.040000000000001,25.49
18.64,10.75
8.16,19.315
21.48,31.365000000000002
13.655,9.975
8.825000000000001,25.105
18.935000000000002,11.459999999999999
9.030000000000001,20.19
21.165000000000003,31.32
13.105,10.26
8.625,25.71
19.035,10.825
8.98,19.545
21.07,30.85
12.85,10.09
8.5,25.21
18.555,11.1
13.33,10.315
9.095,25.654999999999998
18.775000000000002,10.834999999999999
8.565,20.150000000000002
21.59,31.285
8.870000000000001,19.425
21.26,31.445
12.95,10.27
9.180000000000001,25.3
19.310000000000002,11.23
13.025,9.95
8.59,25.724999999999998
18.915000000000003,11.07
9.055,19.945
21.245,31.075000000000003
13.27,9.825
8.8,24.974999999999998
18.445,11.285
9.025,19.785
22.27,31.389999999999997
13.165,10.52
9.525,26.255
18.84,11.025
8.74,19.93
22.09,31.235
8.655000000000001,19.62
22.645,31.154999999999998
13.015,9.985
9.795,25.62
19.315,11.1
13.045,10.675
9.01,26.035
19.25,10.865
9.15,19.950000000000003
22.585,30.84
12.815,10.975000000000001
9.385,25.83
18.400000000000002,11.254999999999999
9.215,19.830000000000002
22.045,30.65
8.465,20.035
22.68,30.93
13.03,10.205
9.78,26.25
18.6,11.1
8.68,19.625
22.735,30.869999999999997
12.764999999999999,10.180000000000001
9.33,26.225
18.495,11.26
13.33,10.585
9.27,25.615
18.919999999999998,11.24
9.040000000000001,20.290000000000003
22.04,31.08
12.965,10.31
9.96,25.865
18.349999999999998,11.455
8.93,19.755000000000003
21.885,30.869999999999997
8.52,19.955000000000002
22.46,31.005
12.694999999999999,10.91
9.365,26.4
18.794999999999998,11.345
8.55,19.595000000000002
22.355,30.615
12.989999999999998,10.57
9.5,25.55
18.535,10.955
9.690000000000001,20.515
22.6,31.049999999999997
13.065,10.245000000000001
9.68,26.255
18.27,11.57
12.84,10.705
9.555,25.68
18.325,10.815
9.290000000000001,20.16
22.31,30.685
9.510000000000002,20.01
21.87,30.994999999999997
12.745,10.235000000000001
9.725,26.18
18.689999999999998,10.905
8.975000000000001,20.325
22.0,30.63
13.174999999999999,10.82
9.735,25.75
18.395,11.51
9.155000000000001,19.91
23.445,30.615
13.375,10.540000000000001
9.035,26.16
18.195,11.115
9.555000000000001,20.38
23.58,30.314999999999998
12.68,10.475000000000001
10.455,26.255000000000003
18.544999999999998,10.815
9.615,20.220000000000002
23.025,30.904999999999998
13.03,10.715
10.16,26.645000000000003
18.34,11.645
13.35,10.39
10.245,26.59
18.4,11.09
9.195,20.725
23.465,30.585
9.045,20.07
23.055,30.855
12.739999999999998,10.935
10.569999999999999,26.175
18.755,11.64
12.899999999999999,10.405000000000001
9.86,26.595000000000002
18.73,10.91
9.47,20.405
23.125,30.31
9.200000000000001,20.42
23.38,30.485
12.9,10.985000000000001
9.94,26.055
18.45,11.265
9.23,19.845000000000002
23.439999999999998,30.025
12.9,10.51
10.209999999999999,26.755000000000003
18.39,11.205
9.5,20.330000000000002
22.845,30.75
12.605,11.030000000000001
10.34,26.185000000000002
18.195,11.58
12.57,10.9
9.899999999999999,26.205000000000002
18.064999999999998,11.435
8.97,20.655
23.075,30.39
9.030000000000001,20.29
23.625,30.535
12.69,11.16
10.389999999999999,26.375
17.72,11.24
12.715,10.41
10.399999999999999,26.040000000000003
18.294999999999998,11.139999999999999
9.675,20.855
23.669999999999998,30.4
12.855,11.015
9.875,26.35
17.735,11.35
9.715,20.355
23.185,30.849999999999998
9.155000000000001,20.795
22.935,30.14
13.07,10.66
10.059999999999999,26.235000000000003
18.02,11.209999999999999
9.52,21.19
23.529999999999998,30.355
12.610000000000001,11.16
10.219999999999999,26.695
18.25,11.69
12.465,10.8
10.66,26.245
18.285,10.94
9.325000000000001,20.675
23.099999999999998,30.805
9.945,21.035
22.825,30.4
12.97,10.99
10.145,26.53
17.9,11.315
9.685,20.795
23.58,30.165
12.72,10.415000000000001
10.03,25.94
18.435,11.735
12.545,10.915000000000001
11.0,26.865
18.075,11.57
9.620000000000001,21.145
23.55,29.77
12.935,10.98
11.01,26.565
18.06,11.08
9.895,21.125
24.154999999999998,30.455000000000002
12.845,10.6
10.950000000000001,26.6
18.169999999999998,11.209999999999999
9.71,20.32
24.11,29.62
12.33,11.120000000000001
11.125,27.145
17.994999999999997,11.65
9.450000000000001,20.995
23.875,30.14
12.455,10.485000000000001
10.745000000000001,27.22
17.82,11.205
9.785,21.165
23.724999999999998,29.66
9.610000000000001,21.255
24.145,30.19
12.44,11.715
10.685,26.415
17.92,11.515
9.73,20.825
24.31,29.875
12.844999999999999,11.370000000000001
11.205,26.585
18.05,11.24
9.68,20.345000000000002
23.7,30.425
12.33,11.71
10.9,27.095
17.67,11.565
9.545,21.0
23.5,29.955000000000002
12.295,11.26
11.265,27.08
17.495,11.295
9.415000000000001,20.66
24.044999999999998,30.52
12.504999999999999,11.77
11.32,26.52
18.12,11.815
10.6,21.255
23.544999999999998,30.2
12.76,11.305
10.595,27.005
18.125,11.345
10.655,21.225
23.935,29.905
12.09,11.815
10.66,26.705
17.755000000000003,11.675
9.86,21.555
24.21,30.3
12.219999999999999,11.35
11.255,26.76
17.740000000000002,11.015
10.35,21.55
23.81,30.135
12.605,11.58
10.565,27.0
18.05,11.75
10.229999999999999,20.84
23.87,29.795
12.81,11.38
10.860000000000001,26.39
17.555,11.45
10.01,21.625
25.354999999999997,29.785
12.185,11.52
11.93,27.185
18.075000000000003,11.46
10.479999999999999,21.315
25.15,29.455
12.035,11.21
11.705,26.845
17.75,11.665
10.11,21.295
24.79,30.014999999999997
12.35,11.51
11.33,27.185
17.875,11.81
10.16,20.82
24.685,29.575
12.65,11.110000000000001
11.399999999999999,26.655
18.19,11.465
12.27,11.535
11.819999999999999,27.46
17.740000000000002,11.76
10.434999999999999,21.38
25.209999999999997,29.994999999999997
10.354999999999999,21.085
25.139999999999997,29.459999999999997
11.9,11.25
11.805,26.755
17.46,11.255
10.02,21.4
24.865,30.04
12.52,12.105
11.385,27.125
17.81,11.51
10.014999999999999,20.84
24.884999999999998,29.57
12.62,11.495
11.51,26.715
17.445,11.315
10.42,21.115
24.939999999999998,29.979999999999997
12.194999999999999,12.235
12.03,27.12
17.96,11.86
12.12,11.5
11.959999999999999,26.715
17.755,11.424999999999999
9.955,21.51
25.314999999999998,29.445
9.94,20.965
24.834999999999997,29.814999999999998
12.524999999999999,12.0
11.629999999999999,27.285
17.18,11.864999999999998
10.86,21.805
24.764999999999997,29.18
12.555,11.51
11.61,26.81
17.205,11.655
10.844999999999999,21.325
24.935,29.715
11.75,11.745
12.125,27.07
17.59,12.125
10.549999999999999,21.66
24.919999999999998,29.805
12.205,11.3
11.844999999999999,26.585
17.54,11.59
10.254999999999999,21.365
25.31,29.474999999999998
11.725,11.845
11.885,27.14
17.39,11.93
10.84,21.979999999999997
24.895,29.779999999999998
11.95,11.545
11.834999999999999,26.97
17.42,11.62
10.924999999999999,21.564999999999998
24.514999999999997,29.43
12.26,11.27
11.59,27.39
17.935,11.625
10.545,22.139999999999997
25.900000000000002,29.395
12.004999999999999,11.75
12.6,27.315
17.435,11.85
10.34,21.555
25.845000000000002,28.795
11.879999999999999,11.615
12.725,26.995
17.14,11.459999999999999
10.895,21.674999999999997
25.46,29.325
12.37,11.9
12.12,27.455
17.84,11.885
10.815,21.65
25.345000000000002,28.795
12.254999999999999,11.53
12.09,26.93
17.72,11.52
12.084999999999999,12.41
12.594999999999999,27.44
17.285,11.955
10.344999999999999,21.72
26.03,29.295
10.6,21.485
25.25,28.970000000000002
12.334999999999999,12.125
12.745,27.17
17.075,11.59
10.855,21.854999999999997
25.735000000000003,28.895
11.77,12.36
12.42,27.055
17.41,11.67
11.87,11.975
12.584999999999999,27.47
16.775,12.055
10.445,21.924999999999997
25.57,29.39
10.49,21.384999999999998
25.520000000000003,28.855
12.18,11.84
12.479999999999999,27.12
16.97,11.895
11.575,12.459999999999999
12.11,27.31
17.3,11.465
11.299999999999999,22.384999999999998
25.560000000000002,29.09
10.665,22.279999999999998
25.39,28.87
11.594999999999999,12.065
12.184999999999999,27.02
17.145,12.229999999999999
12.045,12.37
12.795,27.515
17.384999999999998,11.58
10.955,21.979999999999997
25.935000000000002,29.055
11.405,22.49
25.880000000000003,28.86
11.79,12.665
12.53,27.145
16.97,12.219999999999999
11.569999999999999,12.1
12.344999999999999,27.5
17.14,11.489999999999998
10.69,22.235
25.145000000000003,29.165
12.1,12.139999999999999
12.455,27.595
17.205,11.66
10.745,22.025
25.41,28.62
11.41,22.16
26.48,28.81
11.75,12.5
12.715,27.215
17.009999999999998,12.02
10.62,22.119999999999997
26.720000000000002,28.165
11.774999999999999,12.165
12.43,27.58
17.02,11.95
11.31,22.415
26.09,28.73
11.965,12.485
12.155,27.045
17.535,11.944999999999999
12.19,11.969999999999999
13.73,27.845000000000002
17.14,12.229999999999999
11.58,22.029999999999998
26.035,28.425
10.77,22.349999999999998
26.740000000000002,28.55
11.745,12.065
13.365,27.16
16.95,11.924999999999999
10.945,22.145
25.905,28.605
12.030000000000001,12.685
13.190000000000001,27.84
17.345,11.584999999999999
11.680000000000001,12.780000000000001
13.25,27.540000000000003
17.025,12.155
11.51,22.189999999999998
26.310000000000002,28.385
11.24,21.955
26.575000000000003,28.5
11.600000000000001,12.33
13.415000000000001,27.610000000000003
16.91,11.68
10.74,22.459999999999997
26.015,28.805
12.06,12.995000000000001
13.495000000000001,27.295
17.0,12.3
11.665000000000001,22.849999999999998
26.28,28.33
11.925,12.335
13.110000000000001,28.05
17.265,11.81
11.725000000000001,12.945
13.675,27.815
16.995,11.715
11.715,22.395
26.48,28.745
11.355,22.134999999999998
26.375,28.02
11.540000000000001,12.605
13.735000000000001,27.585
17.245,11.845
12.195,12.775
13.21,27.790000000000003
16.915,12.34
11.405000000000001,22.654999999999998
26.055,28.325
11.285,22.445
26.540000000000003,28.885
12.100000000000001,12.31
12.950000000000001,27.445
17.06,12.180000000000001
11.530000000000001,22.86
26.470000000000002,28.485
11.56,12.235000000000001
13.57,27.78
17.095,11.860000000000001
12.015,12.81
12.9,27.69
16.615,12.32
11.67,22.695
26.275000000000002,28.595
11.915000000000001,12.620000000000001
13.23,27.290000000000003
17.08,12.375
11.860000000000001,22.18
27.22,27.485
11.49,12.73
13.505,27.615000000000002
17.35,11.88
11.265,22.74
27.115,28.395
12.065000000000001,12.610000000000001
12.955,27.67
16.605,11.865
11.22,22.134999999999998
27.049999999999997,27.854999999999997
11.59,22.835
27.18,27.639999999999997
11.780000000000001,13.145
13.120000000000001,27.560000000000002
17.075,12.285
11.785,12.425
14.4,27.325000000000003
17.31,12.035
11.645000000000001,22.224999999999998
26.695,28.04
11.085,22.45
26.834999999999997,27.705
12.195,13.270000000000001
13.610000000000001,27.82
16.615,11.835
11.16,22.189999999999998
27.52,28.2
12.165,12.785
13.945,27.195
17.02,12.215
11.435,12.680000000000001
14.430000000000001,27.610000000000003
17.305,11.825000000000001
11.755,22.79
27.34,27.689999999999998
11.825000000000001,22.095
26.904999999999998,28.005
12.125,13.190000000000001
14.430000000000001,27.365000000000002
16.705,11.705
11.335,13.25
13.605,27.775000000000002
17.1,12.475
11.445,22.904999999999998
27.134999999999998,27.674999999999997
11.39,22.12
27.279999999999998,28.04
11.64,13.040000000000001
13.735000000000001,27.46
16.865,11.86
12.155,22.794999999999998
27.259999999999998,27.625
12.13,13.3
14.290000000000001,27.735000000000003
16.645,11.745
11.989999999999998,22.575
26.68,28.055
11.965,12.700000000000001
14.275,27.330000000000002
17.02,12.41
11.715,23.14
26.755,27.689999999999998
11.65,12.605
13.935,27.73
17.06,12.135
11.955,23.05
27.514999999999997,28.195
11.83,13.17
14.075000000000001,27.485000000000003
16.525,11.91
11.95,22.91
27.229999999999997,27.7
12.04,12.795
13.975000000000001,27.78
17.16,12.27
11.799999999999999,22.285
27.13,28.354999999999997
11.69,13.14
13.84,27.475
16.805,12.04
12.014999999999999,23.055
27.815,27.080000000000002
11.495,12.995000000000001
14.235000000000001,27.720000000000002
16.575,11.905
12.035,22.465
27.68,27.490000000000002
12.075,13.285
14.315000000000001,27.245
16.62,12.379999999999999
11.604999999999999,22.74
27.765,27.405
11.91,12.59
13.73,27.66
16.735,11.715
11.559999999999999,22.535
27.965,27.09
11.545,13.4
15.1,27.905
17.12,12.049999999999999
12.2,22.7
27.305,27.375
11.355,12.82
14.92,27.58
16.445,11.864999999999998
11.81,13.625
14.59,27.995
17.18,12.44
11.934999999999999,23.099999999999998
27.405,27.215
11.675,13.25
14.905,28.13
16.915,11.91
11.889999999999999,22.22
28.015,27.615000000000002
12.2,22.765
27.825,26.865000000000002
11.485000000000001,14.09
15.129999999999999,27.615
16.63,12.535
12.004999999999999,22.285
27.335,27.495
11.405000000000001,13.57
14.514999999999999,28.09
16.974999999999998,11.985
11.835,13.545
14.354999999999999,27.645
16.455,12.655
11.54,22.904999999999998
27.805,27.635
11.59,22.7
27.375,27.155
11.475000000000001,13.674999999999999
14.87,28.165
16.59,12.219999999999999
12.98,23.18
27.79,27.060000000000002
11.48,13.45
14.254999999999999,27.77
16.854999999999997,12.75
11.15,13.66
14.889999999999999,28.06
16.895,12.32
13.0,22.905
27.74,27.805
12.295,23.21
27.945,27.610000000000003
11.42,13.129999999999999
14.709999999999999,27.4
16.549999999999997,12.655
11.745000000000001,14.02
14.614999999999998,28.21
16.65,12.245
12.525,22.885
27.77,27.055
11.775,13.555
14.489999999999998,27.6
16.869999999999997,12.61
12.600000000000001,23.24
27.65,27.43
12.825000000000001,22.875
27.67,27.105
11.505,13.665
14.94,27.68
16.33,12.0
12.295,23.31
28.38,26.23
11.430000000000001,13.33
14.549999999999999,27.83
16.61,12.6
12.205,22.91
28.16,26.865000000000002
11.760000000000002,13.81
14.389999999999999,27.66
16.525,12.264999999999999
12.73,23.015
28.215,26.5
11.695,13.325
15.565000000000001,27.87
16.755,12.754999999999999
12.925,22.98
28.6,26.635
11.510000000000002,13.625
15.92,27.735
16.84,12.004999999999999
12.46,23.385
28.400000000000002,26.295
11.065000000000001,13.56
15.415000000000001,28.16
16.375,12.56
11.700000000000001,14.12
15.345,27.46
16.695,12.565
12.88,23.095
28.145,26.955000000000002
11.695,13.805
15.15,27.475
16.334999999999997,12.185
12.795,22.66
28.03,26.220000000000002
12.525,23.28
28.560000000000002,26.585
11.33,13.575
15.92,28.04
16.66,12.77
12.335,22.91
28.295,26.665000000000003
11.88,14.375
16.005,27.565
16.88,12.235
13.225000000000001,23.2
27.92,26.415000000000003
11.655000000000001,13.92
15.290000000000001,27.43
16.045,12.705
12.63,23.064999999999998
28.53,26.425
11.345,14.24
15.58,27.765
16.425,12.08
11.465,13.735
15.675,27.48
16.515,12.75
13.100000000000001,23.279999999999998
28.1,26.645000000000003
11.700000000000001,14.24
15.22,27.985
16.75,12.375
12.64,23.044999999999998
27.86,26.375
13.25,23.495
28.465,26.995
11.180000000000001,14.16
15.515,27.62
16.35,12.94
11.285,13.905
15.635000000000002,27.975
16.23,12.37
13.015,23.255
28.415,26.32
11.685,14.35
15.780000000000001,27.37
16.57,12.61
13.24,23.245
27.830000000000002,26.655
13.48,22.974999999999998
29.279999999999998,26.21
11.685,13.72
15.445,27.825
16.79,12.825
11.535,14.245
15.515,27.595
16.555,12.48
13.22,23.529999999999998
29.15,25.62
11.435,13.69
16.439999999999998,28.04
16.475,12.32
13.370000000000001,23.07
28.82,26.09
11.765,14.45
16.525,27.48
16.6,12.79
12.99,23.305
28.74,25.595000000000002
11.885000000000002,13.645
15.934999999999999,27.83
16.545,12.425
12.925,23.154999999999998
29.3,26.09
13.24,23.5
28.98,25.365000000000002
11.33,14.325
16.384999999999998,27.55
16.015,12.405
13.190000000000001,22.9
28.855,26.215
11.535,13.61
16.709999999999997,27.81
16.515,12.735
12.83,22.87
28.755,25.755000000000003
11.655000000000001,14.695
16.61,27.46
16.405,12.225
11.64,13.95
16.349999999999998,28.005
16.14,12.795
13.5,23.775
28.97,26.095000000000002
13.584999999999999,23.224999999999998
29.265,25.685000000000002
11.505,14.67
16.035,27.71
15.885000000000002,12.555
11.545,13.95
16.57,27.955
16.545,12.94
13.28,23.544999999999998
28.595,25.96
11.745000000000001,14.67
16.435,27.515
16.155,13.114999999999998
13.405,22.965
28.695,25.700000000000003
13.84,23.455
29.189999999999998,26.225
11.865,14.014999999999999
15.909999999999998,27.845
16.470000000000002,12.83
13.479999999999999,23.185
28.84,26.315
11.265,14.565
16.13,27.41
16.82,12.6
13.27,23.529999999999998
28.77,25.85
11.13,14.115
16.435,28.145
16.34,12.975
13.299999999999999,23.049999999999997
29.765,25.474999999999998
11.690000000000001,14.344999999999999
16.38,28.035
16.35,12.34
13.725,23.52
29.9,24.884999999999998
11.255,14.53
16.09,27.41
16.685000000000002,13.014999999999999
13.655,23.34
29.085,25.224999999999998
11.585,14.465
17.270000000000003,28.15
16.42,12.559999999999999
12.979999999999999,23.49
29.27,24.724999999999998
11.98,14.29
17.14,27.26
16.165000000000003,13.035
13.18,23.215
29.52,25.275
11.425,14.725
16.725,28.015
16.315,12.504999999999999
13.719999999999999,23.744999999999997
29.29,25.595
11.315000000000001,14.055
16.880000000000003,27.67
16.605,12.805
13.754999999999999,23.09
29.47,25.13
11.895000000000001,14.629999999999999
17.365000000000002,27.92
15.900000000000002,12.915
11.575000000000001,14.295
16.915000000000003,27.385
16.165000000000003,12.674999999999999
13.44,23.09
29.665,24.939999999999998
14.365,23.745
29.055,25.31
11.245000000000001,14.514999999999999
17.21,27.75
16.5,13.055000000000001
14.38,23.52
29.705,25.275
11.47,14.23
17.130000000000003,27.475
16.46,12.73
13.885,23.84
29.75,24.869999999999997
11.790000000000001,15.03
16.795,28.105
15.965,12.925
13.91,23.88
29.415,25.33
11.690000000000001,14.385
16.860000000000003,27.725
16.18,12.595
13.65,23.265
29.47,24.729999999999997
11.16,14.979999999999999
17.360000000000003,28.07
16.4,13.015
14.08,23.67
29.82,25.285
11.965,14.944999999999999
17.450000000000003,27.42
16.36,12.530000000000001
14.0,23.145
29.53,24.799999999999997
11.605,14.489999999999998
17.05,27.935
15.879999999999999,12.83
13.69,23.795
29.415,25.52
11.31,15.045
16.78,27.395
15.79,12.605
13.895,23.255
29.005,25.099999999999998
11.55,14.405
17.32,27.83
16.255,12.600000000000001
14.035,23.95
30.055,24.105
11.89,14.719999999999999
16.805,28.025
15.875,12.885000000000002
14.005,23.385
29.509999999999998,24.395
11.605,14.524999999999999
17.055,27.62
16.15,12.4
11.190000000000001,14.469999999999999
17.974999999999998,27.975
16.38,13.215
13.935,24.02
30.029999999999998,24.195
14.335,23.88
29.935,24.89
11.56,14.594999999999999
17.9,27.435
15.805,12.885000000000002
14.26,23.42
29.925,24.36
11.5,14.95
17.459999999999997,27.88
16.169999999999998,12.760000000000002
11.32,14.67
17.584999999999997,27.7
16.39,13.06
13.615,23.490000000000002
30.18,24.645
11.865,15.014999999999999
18.099999999999998,27.87
16.439999999999998,12.610000000000001
14.615,24.085
30.005,24.09
11.780000000000001,14.444999999999999
18.029999999999998,27.67
15.825,12.610000000000001
14.915000000000001,23.345000000000002
29.89,24.075
11.205,15.0
17.654999999999998,27.685
16.2,13.325
14.520000000000001,23.625
30.255,24.755
14.995000000000001,23.59
30.099999999999998,24.215
11.065000000000001,14.694999999999999
18.215,27.93
16.32,12.729999999999999
11.99,15.495
17.884999999999998,27.965
16.15,12.989999999999998
14.530000000000001,24.005000000000003
29.805,24.855
11.254999999999999,15.355
17.43,27.6
15.909999999999998,12.809999999999999
14.445,23.53
30.13,24.59
11.51,15.205
17.695,27.975
16.549999999999997,12.979999999999999
14.760000000000002,23.720000000000002
29.52,24.45
14.65,23.41
30.105,24.5
11.86,15.27
17.884999999999998,27.5
16.56,12.924999999999999
14.345,24.005000000000003
30.175,24.195
11.965,15.145
18.174999999999997,27.855
15.735,12.989999999999998
11.405,15.64
17.57,28.06
16.07,12.465
14.55,23.560000000000002
29.87,24.935
11.42,14.89
17.604999999999997,27.43
16.27,12.955
14.575000000000001,23.950000000000003
29.7,24.099999999999998
14.395000000000001,23.655
30.584999999999997,24.055
11.924999999999999,15.34
18.675,27.245
16.104999999999997,13.415
14.100000000000001,23.540000000000003
30.54,23.285
11.924999999999999,14.875
18.365000000000002,27.425
15.909999999999998,12.834999999999999
14.585,23.655
30.169999999999998,23.835
11.459999999999999,15.635
18.63,27.509999999999998
16.465,13.059999999999999
11.295,14.875
18.26,28.009999999999998
16.47,12.85
14.655000000000001,23.560000000000002
30.72,23.835
11.879999999999999,14.845
18.5,27.58
15.964999999999998,12.674999999999999
14.15,23.715
30.65,23.599999999999998
14.375,23.490000000000002
30.369999999999997,24.09
11.535,15.665
19.04,27.745
16.389999999999997,13.055
15.455,23.89
30.34,23.245
11.57,15.15
18.455000000000002,27.675
16.63,12.92
14.844999999999999,23.79
30.43,23.735
11.94,15.6
18.7,27.9
15.864999999999998,13.354999999999999
14.969999999999999,23.485
30.665,23.425
11.799999999999999,14.96
18.835,27.395
16.014999999999997,12.565
15.11,24.21
30.25,23.79
11.4,15.515
18.18,27.945
16.12,12.85
15.415,23.405
30.224999999999998,23.7
11.254999999999999,14.96
18.235,27.419999999999998
15.765,12.82
14.955,24.015
30.619999999999997,23.82
11.665000000000001,15.995
18.715,27.845
16.28,13.504999999999999
14.745,23.7
30.56,23.59
12.030000000000001,15.614999999999998
19.03,27.595
16.035,12.67
15.139999999999999,24.105
30.24,23.805
11.425,15.805
18.45,28.09
15.89,13.385
15.44,23.52
29.939999999999998,23.63
11.345,15.629999999999999
18.48,27.384999999999998
15.91,12.66
11.865,16.08
19.565,27.155
16.08,13.08
14.815,23.975
30.73,23.104999999999997
14.815,23.385
30.295,23.215
11.895,15.385
19.09,27.785
15.605,13.11
15.594999999999999,23.805
30.765,22.915
11.315,15.485
18.880000000000003,27.470000000000002
15.985,12.75
15.29,23.535
30.490000000000002,22.9
11.745000000000001,15.745
19.435000000000002,27.51
16.055,13.514999999999999
14.725,23.8
30.575000000000003,22.729999999999997
11.885,15.545
19.305,27.975
15.83,13.305
15.014999999999999,23.55
30.605,23.139999999999997
11.25,15.725
19.585,27.775000000000002
15.81,12.94
16.015,24.13
30.46,22.56
11.455,15.6
19.455000000000002,27.400000000000002
16.39,13.325
16.055,23.66
30.625,23.099999999999998
11.71,15.715
18.905,27.605
15.93,13.455
15.33,24.035
30.69,22.599999999999998
11.275,15.37
19.095000000000002,27.555
15.91,13.1
15.68,23.485
30.450000000000003,23.084999999999997
12.040000000000001,15.489999999999998
19.560000000000002,27.720000000000002
16.044999999999998,13.35
16.07,23.985
30.435000000000002,22.685
11.35,15.655
19.470000000000002,27.51
15.805,13.33
16.064999999999998,23.65
30.8,23.32
11.860000000000001,16.545
19.075000000000003,27.635
16.24,13.295
11.81,15.575000000000001
19.265,27.310000000000002
15.62,13.365
15.459999999999999,23.985
30.67,22.845
15.495,23.43
30.245,23.055
11.72,16.115000000000002
19.75,27.69
15.87,12.94
15.875,23.985
30.125,22.825
11.675,15.940000000000001
19.335,28.095000000000002
16.0,13.27
15.84,23.425
31.119999999999997,21.925
12.06,16.425
19.185000000000002,27.225
16.125,12.86
15.444999999999999,23.905
30.849999999999998,22.42
11.81,15.99
20.270000000000003,27.520000000000003
15.815,13.46
15.59,23.56
30.625,22.01
11.74,16.54
19.91,27.665000000000003
15.649999999999999,12.91
15.735,24.165
31.285,22.165000000000003
11.600000000000001,15.745000000000001
19.73,27.220000000000002
16.355,13.315
11.955,16.080000000000002
20.405,27.495
16.279999999999998,13.08
15.825,23.415
30.965,21.855
15.389999999999999,23.645
30.81,21.93
11.56,15.905000000000001
20.065,27.525000000000002
15.614999999999998,13.25
11.84,16.345000000000002
19.825000000000003,27.185000000000002
15.745,13.14
16.494999999999997,24.115000000000002
31.185,22.265
31.965,8.035
16.125,24.110000000000003
31.134999999999998,22.290000000000003
12.270000000000001,16.0
20.290000000000003,27.62
16.25,13.34
31.56,8.03
16.154999999999998,23.700000000000003
30.68,22.505000000000003
11.65,16.27
20.235000000000003,26.995
16.15,13.075
11.515,15.975000000000001
19.945,27.39
15.555,13.3
32.28,7.835
15.919999999999998,24.195
30.65,22.07
31.77,8.27
15.899999999999999,23.44
31.119999999999997,22.35
12.010000000000002,16.39
20.060000000000002,26.880000000000003
15.799999999999999,12.88
11.865,16.02
20.535,27.455000000000002
15.91,13.475
31.47,7.915
16.259999999999998,24.1
31.229999999999997,21.835
32.03,8.065
15.794999999999998,23.860000000000003
30.939999999999998,22.28
11.465,16.075
20.53,27.275000000000002
16.245,13.225
11.525,15.940000000000001
19.865000000000002,27.325000000000003
15.64,13.125
32.155,7.545
15.749999999999998,23.71
31.0,22.085
31.474999999999998,7.88
16.31,24.315
30.72,22.470000000000002
12.195,16.715
20.155,27.755000000000003
16.365000000000002,13.57
11.965,16.445
20.005000000000003,27.035
15.91,13.34
32.11,8.195
16.415,23.580000000000002
30.705,21.73
32.16,7.92
15.944999999999999,24.23
31.36,21.475
12.055,16.77
20.995,27.220000000000002
16.205000000000002,13.48
31.654999999999998,7.9750000000000005
16.544999999999998,24.05
31.465,21.055
11.959999999999999,16.29
20.759999999999998,26.8
15.96,13.33
31.509999999999998,7.8
16.535,23.64
30.86,21.51
11.695,16.8
20.535,27.560000000000002
15.815,13.58
32.19,8.285
15.874999999999998,24.245
30.895,21.26
11.56,16.42
20.705,27.385
15.615,13.185
32.085,7.66
16.395,23.860000000000003
31.515,21.675
11.915,16.67
20.935,27.095000000000002
16.22,13.635
12.03,16.35
20.564999999999998,27.53
16.01,13.125
31.72,7.9750000000000005
15.954999999999998,24.110000000000003
31.655,21.04
11.764999999999999,16.645
21.154999999999998,27.28
15.59,13.3
31.68,7.9350000000000005
16.009999999999998,23.490000000000002
30.825,21.495
11.735,16.105
20.895,26.865000000000002
15.985000000000001,13.715
31.169999999999998,7.215
16.939999999999998,24.145
31.19,21.185000000000002
11.385,16.66
20.4,27.355
16.25,13.4
30.785,7.33
16.74,23.625
31.51,21.365000000000002
30.88,7.015
16.585,23.845000000000002
31.32,20.84
11.81,16.895
20.485,27.085
15.655000000000001,13.515
31.229999999999997,7.38
16.285,23.55
31.21,21.695
11.469999999999999,16.195
21.04,27.37
15.595,13.275
11.985,16.225
21.095,26.945
16.13,13.68
31.375,7.029999999999999
16.814999999999998,23.855
31.54,21.525000000000002
11.764999999999999,16.835
20.605,27.225
16.185000000000002,13.42
30.799999999999997,7.6499999999999995
17.08,23.560000000000002
31.535,20.92
30.74,7.0249999999999995
16.349999999999998,23.585
31.17,21.7
11.379999999999999,16.5
21.055,27.110000000000003
15.66,13.685
12.27,16.86
20.849999999999998,26.655
16.19,13.535
31.189999999999998,7.645
16.88,23.810000000000002
30.95,20.91
11.755,17.085
20.495,27.125
16.215,13.465
31.255,7.18
16.95,23.445
31.535,20.565
31.514999999999997,7.029999999999999
16.505,24.115000000000002
31.76,20.27
11.985,16.275
21.529999999999998,26.805
15.645000000000001,13.545
12.4,16.615
21.575,26.525000000000002
15.75,13.125
30.93,7.345
16.305,23.705000000000002
31.23,21.03
11.83,16.915
21.2,26.87
16.26,13.62
31.345,7.625
17.02,23.965
31.335,20.515
31.325,7.225
16.884999999999998,23.61
31.610000000000003,20.725
12.225,16.98
21.23,26.48
16.045,13.36
12.385,16.585
21.57,26.79
15.745000000000001,13.395
30.805,7.3149999999999995
16.665,23.785
31.78,20.605
11.64,16.87
21.335,26.925
16.145,13.605
30.985,7.16
17.11,23.8
31.470000000000002,20.465
11.545,16.725
21.314999999999998,26.675
16.14,13.365
30.599999999999998,6.57
17.009999999999998,23.505
31.345000000000002,20.64
30.529999999999998,6.7
16.564999999999998,24.195
31.020000000000003,20.485
12.225,16.79
21.79,27.115000000000002
15.690000000000001,13.545
30.62,6.545
17.49,23.755
31.385,20.990000000000002
12.015,16.615
21.49,26.580000000000002
15.74,13.185
30.275,6.800000000000001
17.24,23.43
31.075000000000003,20.77
11.705,16.75
21.445,27.145
16.045,13.61
30.37,6.595000000000001
16.99,23.375
31.045,20.505
11.835,16.73
21.56,26.93
16.015,13.385
30.87,6.7
17.47,23.865
31.39,20.395
12.475,16.83
21.544999999999998,26.755
16.005,13.83
30.46,6.5600000000000005
17.424999999999997,23.465
31.330000000000002,20.59
11.83,16.82
21.259999999999998,27.19
15.865,13.335
30.349999999999998,6.94
17.009999999999998,24.075
31.155,20.310000000000002
11.76,16.44
21.224999999999998,26.475
15.600000000000001,13.66
30.025,6.505000000000001
17.009999999999998,23.325
31.935,19.875
12.475,17.224999999999998
21.66,27.205000000000002
15.655000000000001,13.35
30.509999999999998,6.775
17.555,23.95
31.225,19.855
12.315,17.02
21.45,26.64
15.875,13.965
12.105,17.669999999999998
21.035,27.060000000000002
15.595,14.105
30.785,6.550000000000001
17.154999999999998,23.71
31.05,19.58
11.74,17.02
20.955,26.795
15.510000000000002,13.375
30.2,7.065
16.895,23.9
31.53,19.7
30.259999999999998,6.5600000000000005
17.31,24.065
31.65,19.669999999999998
12.175,16.93
22.125,26.415
16.165,13.915000000000001
30.84,6.3500000000000005
17.169999999999998,23.44
31.21,19.919999999999998
12.05,17.36
21.580000000000002,26.59
16.2,13.620000000000001
30.599999999999998,6.91
16.669999999999998,23.86
31.365,19.605
11.895,16.845
21.665,26.2
15.745000000000001,13.735000000000001
30.62,6.19
17.209999999999997,23.945
31.765,19.43
12.4,17.56
22.255,26.63
15.530000000000001,13.475
12.015,17.4
22.145,26.25
16.150000000000002,13.99
30.4,6.8950000000000005
17.24,23.5
31.57,19.855
29.82,6.125
16.95,23.845
31.945,19.585
12.34,17.345
21.955000000000002,26.585
15.945,13.355
29.72,5.595
17.93,23.95
31.345,19.939999999999998
12.365,17.18
22.03,26.09
15.535,13.655000000000001
29.68,6.12
17.87,23.37
31.265,19.34
12.125,17.175
22.18,26.815
15.425,13.370000000000001
29.31,5.71
17.745,23.815
31.595,19.805
12.540000000000001,17.365
22.32,26.465
15.945,13.405
30.07,6.295
17.445,23.69
31.84,19.64
12.495000000000001,17.095
22.045,26.61
15.48,14.045
29.935,5.935
18.01,23.985
31.13,19.89
11.775,17.375
22.215,26.62
15.605,13.514999999999999
12.345,17.43
21.91,26.905
15.835,14.31
29.404999999999998,6.02
17.53,23.89
31.405,19.435
29.544999999999998,5.71
17.43,23.6
31.775000000000002,19.275
12.3,17.700000000000003
21.675,26.47
16.115,13.785
29.87,5.795
17.875,24.015
31.900000000000002,18.724999999999998
12.32,17.985000000000003
22.39,26.78
15.715,13.945
29.615,6.35
18.155,23.535
31.16,18.919999999999998
12.235000000000001,17.755000000000003
22.060000000000002,26.04
15.425,13.81
29.215,5.98
17.525,24.13
31.245,18.535
12.180000000000001,17.405
21.96,26.665
16.105,13.99
30.009999999999998,5.65
17.705,23.73
31.67,18.47
12.73,17.770000000000003
21.970000000000002,26.49
16.035,13.66
12.325000000000001,17.145000000000003
23.125,26.25
15.575,14.06
29.555,5.83
18.165,24.025
31.295,19.0
29.865,6.335
17.795,23.625
31.305,18.465
11.995000000000001,17.68
23.095,25.939999999999998
15.545,13.435
12.13,17.435000000000002
22.56,26.549999999999997
15.845,14.325
29.724999999999998,5.57
17.73,24.055
31.63,18.415
29.48,6.24
17.32,23.55
31.405,19.189999999999998
12.57,18.015
22.825,25.86
16.015,13.5
29.555,5.915
18.43,24.0
31.325,18.479999999999997
12.745000000000001,17.41
22.62,26.095
15.355,13.83
28.91,5.58
18.529999999999998,23.37
31.905,19.104999999999997
11.955,17.87
22.955,26.32
15.4,13.66
11.965,17.455000000000002
22.515,26.174999999999997
16.1,13.945
28.91,5.345
17.865,23.810000000000002
31.855,18.785
28.58,5.755
18.02,23.14
31.205000000000002,18.924999999999997
12.025,17.860000000000003
22.57,25.81
15.435,13.895000000000001
29.279999999999998,5.425
18.37,23.46
31.490000000000002,18.755
12.285,17.17
22.895,26.16
15.995000000000001,13.9
13.045,17.905
22.88,25.81
15.515,13.785
28.61,5.805
17.939999999999998,23.630000000000003
31.61,19.384999999999998
29.209999999999997,5.88
18.54,23.94
31.76,18.529999999999998
12.360000000000001,17.735000000000003
22.245,26.299999999999997
15.71,13.74
28.474999999999998,5.295
17.98,23.215
31.285,19.264999999999997
12.610000000000001,18.310000000000002
22.54,25.869999999999997
15.32,14.42
29.2,5.865
18.59,23.39
31.425,18.775
12.71,17.825000000000003
22.884999999999998,26.165
15.385,14.035
28.455,5.66
17.99,23.68
32.01,18.215
12.125,17.71
22.29,26.325
16.09,14.280000000000001
12.680000000000001,17.475
23.0,26.104999999999997
16.02,13.75
28.724999999999998,5.109999999999999
17.849999999999998,23.485000000000003
31.744999999999997,18.044999999999998
12.290000000000001,18.09
22.355,26.259999999999998
15.51,14.370000000000001
29.139999999999997,5.81
18.495,23.76
31.34,18.535
29.0,5.359999999999999
18.435,23.19
31.595,17.865
12.995000000000001,17.970000000000002
22.435,25.9
15.24,13.955
28.865,5.635
18.189999999999998,23.605
31.799999999999997,18.22
12.74,17.66
23.490000000000002,26.049999999999997
15.67,14.370000000000001
29.2,5.68
18.099999999999998,23.3
31.854999999999997,18.13
12.510000000000002,17.915000000000003
23.1,25.79
16.065,13.785
28.924999999999997,5.08
18.904999999999998,23.745
31.615,18.169999999999998
12.265,17.790000000000003
23.135,25.4
15.51,14.445
12.675,17.795
23.6,25.525
15.835,14.49
28.634999999999998,5.62
18.814999999999998,23.08
31.604999999999997,17.93
28.695,5.484999999999999
18.49,23.54
31.735,17.709999999999997
12.620000000000001,18.295
23.03,25.904999999999998
15.92,13.875
12.685,17.55
22.89,25.575
15.49,14.49
28.195,5.075
18.404999999999998,23.165
31.65,18.45
28.485,4.9
18.715,23.825
31.419999999999998,17.825
12.075000000000001,17.925
23.580000000000002,25.825
15.465,14.025
28.04,5.15
18.985,23.275
31.68,17.74
13.270000000000001,17.915
23.695,25.354999999999997
15.860000000000001,14.68
12.610000000000001,18.330000000000002
22.925,25.88
16.105,14.045
27.69,4.755
18.349999999999998,23.875
31.345,18.505
28.05,5.43
18.49,23.21
31.424999999999997,18.044999999999998
12.700000000000001,17.69
23.26,25.29
15.4,14.445
28.005,5.07
18.785,23.84
31.654999999999998,18.549999999999997
12.865,18.415
23.725,25.915
15.25,14.0
13.165000000000001,17.985
23.805,25.535
15.73,14.31
27.995,4.815
18.735,23.35
31.174999999999997,18.209999999999997
28.07,4.885
18.365,23.61
31.31,18.095
12.64,18.205000000000002
22.990000000000002,25.915
15.725,13.85
27.650000000000002,5.14
18.299999999999997,23.145
31.865000000000002,17.44
12.63,17.915
23.03,25.459999999999997
15.34,14.54
27.88,4.81
18.91,23.185
31.66,16.94
13.21,18.11
23.720000000000002,25.56
15.325000000000001,14.21
12.850000000000001,17.905
23.19,25.919999999999998
15.84,14.385
28.425,4.82
18.45,23.1
31.240000000000002,17.39
27.845000000000002,5.365
19.07,23.56
31.720000000000002,17.450000000000003
12.485000000000001,18.225
23.205000000000002,25.229999999999997
15.860000000000001,14.175
27.635,4.77
18.95,23.34
31.720000000000002,17.220000000000002
12.71,17.865000000000002
23.830000000000002,25.52
16.04,14.26
28.13,5.48
18.285,23.505
31.34,17.68
12.845,18.145
24.265,25.14
15.860000000000001,13.805
28.09,4.76
18.525,23.33
31.345000000000002,17.015
12.99,17.865000000000002
23.57,24.975
15.625,14.33
12.360000000000001,18.16
24.205000000000002,25.545
15.345,14.225
27.96,4.815
19.415000000000003,23.520000000000003
31.675,17.515
27.4,4.845
19.195,23.01
31.6,17.03
12.700000000000001,17.965
24.09,25.23
15.815,14.365
13.33,18.685
23.725,25.465
15.735000000000001,13.96
27.38,4.4799999999999995
18.975,23.720000000000002
31.360000000000003,17.21
26.89,4.715
18.94,23.245
31.630000000000003,16.935000000000002
13.165,18.229999999999997
23.515,25.28
15.525,14.46
12.81,18.599999999999998
24.11,25.655
15.285,13.965
27.195,4.325
19.135,23.625
31.18,17.44
12.719999999999999,18.18
23.825,24.94
15.83,14.51
27.599999999999998,4.72
19.380000000000003,22.965
31.765,17.585
27.23,4.16
18.73,23.37
31.860000000000003,17.270000000000003
13.5,18.195
23.785,25.66
15.825000000000001,14.45
27.099999999999998,4.295
19.240000000000002,23.59
31.315,17.595000000000002
12.94,18.814999999999998
23.425,25.005
15.305,14.205
13.549999999999999,18.54
23.96,25.335
15.855,14.66
27.45,4.925
19.39,23.330000000000002
31.6,17.275000000000002
13.469999999999999,18.235
23.965,25.16
15.495000000000001,14.74
27.314999999999998,4.3999999999999995
19.305,23.07
31.86,16.82
12.685,18.61
23.975,25.3
15.925,14.58
27.025,4.71
18.860000000000003,23.435000000000002
31.145,16.77
13.525,18.215
23.505,25.565
15.72,14.31
26.794999999999998,4.285
19.060000000000002,22.905
31.245,16.45
27.595,4.825
19.44,23.545
31.27,16.575
12.65,18.535
23.52,25.245
15.35,14.615
13.014999999999999,18.395
24.675,25.130000000000003
15.48,14.07
27.515,4.305
19.365000000000002,23.060000000000002
31.15,16.435000000000002
13.145,18.639999999999997
24.580000000000002,24.78
16.095,14.705
27.11,4.7
18.64,23.5
31.654999999999998,16.75
27.314999999999998,4.54
18.845000000000002,23.065
31.74,16.325
12.93,18.849999999999998
23.95,25.145000000000003
15.655000000000001,14.455
13.245,18.595
24.51,25.28
15.24,14.695
26.91,4.58
19.805,23.36
31.16,16.805
13.415,18.294999999999998
24.475,24.44
15.495000000000001,14.495
26.89,4.3149999999999995
19.67,22.799999999999997
31.294999999999998,16.385
26.765,4.220000000000001
19.245,23.485
31.665,16.945
12.805,18.404999999999998
23.845000000000002,24.830000000000002
15.96,14.805
13.049999999999999,18.154999999999998
24.555,25.28
15.97,14.31
26.790000000000003,4.0
19.3,22.75
31.575,16.365000000000002
13.3,18.490000000000002
24.245,25.14
15.65,14.06
26.735000000000003,4.205
20.080000000000002,23.285
31.314999999999998,16.84
26.720000000000002,3.8800000000000003
19.810000000000002,22.91
30.974999999999998,16.54
13.485000000000001,18.630000000000003
24.215,24.535
15.985000000000001,14.67
13.31,18.220000000000002
24.525000000000002,25.155
15.46,14.93
26.105,4.380000000000001
19.555,23.38
31.63,16.64
25.94,4.010000000000001
19.46,23.075
31.71,16.215
13.180000000000001,18.6
24.45,24.775000000000002
15.225,14.565
12.88,18.57
24.19,24.975
16.05,14.79
26.270000000000003,4.28
19.66,23.375
31.224999999999998,16.735
13.505,18.720000000000002
23.900000000000002,24.745
15.315,14.92
26.040000000000003,4.11
19.885,22.939999999999998
31.23,16.310000000000002
13.120000000000001,18.85
24.695,25.135
15.58,14.48
26.51,3.7950000000000004
19.445,22.959999999999997
31.43,15.325000000000001
26.110000000000003,4.565
19.650000000000002,23.639999999999997
31.150000000000002,16.26
13.55,18.485000000000003
24.325,24.765
15.745000000000001,14.965
26.46,4.2700000000000005
19.695,23.049999999999997
30.86,15.705
13.105,18.69
24.295,25.225
15.895,14.575
26.455000000000002,3.9250000000000003
19.16,23.235
31.560000000000002,16.07
13.675,18.645000000000003
24.005,24.725
15.860000000000001,14.75
26.23,4.53
19.425,22.97
31.67,15.645000000000001
13.280000000000001,18.685000000000002
24.79,24.805
15.745000000000001,14.36
13.020000000000001,18.315
24.555,24.595000000000002
15.395,14.34
26.185000000000002,3.7300000000000004
20.28,22.98
31.085,15.945
26.355,4.4750000000000005
20.085,22.805
30.995,15.620000000000001
13.47,18.610000000000003
24.88,24.76
15.99,14.709999999999999
26.5,3.7250000000000005
19.72,22.91
31.69,15.510000000000002
13.565000000000001,18.23
24.91,24.115000000000002
15.66,14.29
26.175,4.165
20.345,23.055
31.225,16.12
13.21,18.815
24.535,24.39
15.33,14.81
13.770000000000001,19.205000000000002
24.465,24.23
15.58,14.525
26.215,4.045
19.735,23.245
31.145,15.370000000000001
25.535,3.96
19.715,22.875
31.55,15.695
13.715,18.725
24.97,24.32
13.07,18.815
24.675,24.605
25.424999999999997,3.54
20.23,23.215
31.245,15.870000000000001
25.244999999999997,4.305
20.255,22.615
31.595000000000002,16.165
13.67,19.3
24.395,24.015
13.605,18.73
25.145,24.6
25.169999999999998,3.41
19.96,23.36
31.535,15.55
13.21,19.01
25.145,24.115000000000002
25.814999999999998,4.115
19.955,22.794999999999998
31.23,16.205000000000002
13.200000000000001,18.765
24.6,24.46
25.47,3.805
20.265,23.064999999999998
30.96,15.575000000000001
24.945,4.05
20.02,22.599999999999998
31.424999999999997,15.23
13.96,18.880000000000003
24.68,24.075000000000003
13.770000000000001,18.8
24.97,24.610000000000003
25.255,3.54
19.99,23.16
31.619999999999997,15.020000000000001
13.355,19.125
24.99,24.005000000000003
25.505,4.19
19.53,22.794999999999998
30.81,15.360000000000001
25.705,3.49
20.19,23.009999999999998
30.884999999999998,15.015
13.92,19.17
24.595,24.235000000000003
25.285,3.995
20.075,22.52
31.41,15.325000000000001
13.770000000000001,18.435000000000002
25.3,24.22
25.215,3.75
19.625,23.115
31.16,14.675
13.215,19.060000000000002
25.265,23.89
25.49,3.935
19.54,22.785
30.709999999999997,15.200000000000001
13.450000000000001,18.835
24.875,24.044999999999998
14.020000000000001,18.925
24.78,23.79
25.4,3.39
20.43,22.87
31.209999999999997,15.405000000000001
13.875,18.51
25.285,24.22
25.119999999999997,3.91
20.86,22.605
31.215,14.99
24.945,3.67
20.305,23.145
30.729999999999997,14.935
13.440000000000001,18.885
25.615,23.735
13.405000000000001,18.605
24.935,24.259999999999998
24.985000000000003,3.615
20.31,22.275
31.154999999999998,15.185
24.675,3.17
20.75,22.785
30.994999999999997,15.345
13.92,19.46
25.62,23.654999999999998
24.37,3.61
20.74,22.58
31.06,14.955
14.22,18.905
25.12,23.765
13.56,19.335
25.25,24.255
24.39,3.17
20.389999999999997,22.9
31.334999999999997,15.120000000000001
24.720000000000002,3.825
20.25,22.4
31.459999999999997,15.030000000000001
13.795,18.555
25.56,23.87
25.055,3.455
20.685,22.9
30.924999999999997,15.030000000000001
13.915000000000001,19.435000000000002
25.05,24.14
24.565,3.815
20.825,22.45
31.27,14.68
13.870000000000001,19.035
24.965,23.759999999999998
24.395000000000003,3.305
19.974999999999998,22.884999999999998
30.95,14.29
13.715,18.755
25.37,24.285
24.965,3.795
20.759999999999998,22.955
30.79,14.52
13.83,19.19
25.455,23.87
24.89,3.395
20.549999999999997,22.36
30.79,13.935
13.930000000000001,18.580000000000002
24.895,23.794999999999998
24.405,3.995
19.99,22.925
31.06,14.389999999999999
13.425,19.105
25.895,23.61
24.555,3.17
20.305,22.45
31.369999999999997,14.299999999999999
13.575000000000001,18.94
26.049999999999997,23.325
24.790000000000003,3.87
20.9,22.965
30.889999999999997,14.61
14.125,19.12
25.229999999999997,23.505
24.955000000000002,3.5100000000000002
20.89,22.490000000000002
30.689999999999998,14.29
14.145000000000001,18.905
25.915,23.845
24.465,3.62
20.445,22.785
31.11,14.79
13.465,19.240000000000002
26.04,23.27
13.655000000000001,18.78
25.45,23.615
23.720000000000002,3.6399999999999997
20.52,22.475
31.08,14.285
23.605,3.0949999999999998
20.7,22.96
30.744999999999997,14.65
14.185,19.58
25.189999999999998,23.395
23.345000000000002,2.915
20.33,22.67
30.849999999999998,14.025
14.18,18.875
25.665,23.56
13.96,19.58
25.735,23.14
23.835,3.525
20.485,22.46
31.365,14.245
23.965,3.0749999999999997
20.715,22.82
30.544999999999998,14.435
14.055,18.985
25.47,23.689999999999998
23.26,3.545
20.57,22.98
30.845,14.215
14.565,19.05
25.34,23.224999999999998
23.495,2.84
20.5,22.44
30.775000000000002,13.565
13.790000000000001,19.47
25.729999999999997,23.875
23.675,3.55
20.884999999999998,22.88
30.330000000000002,13.55
14.105,19.195
25.65,23.88
23.645000000000003,3.1149999999999998
20.919999999999998,22.13
31.015,13.715
14.475,19.19
25.604999999999997,23.37
23.545,3.78
20.474999999999998,22.555
30.905,13.3
14.085,19.625
26.02,23.555
13.72,19.16
25.849999999999998,23.43
23.35,3.135
20.52,22.09
30.505000000000003,13.96
14.495000000000001,19.54
25.294999999999998,23.58
23.740000000000002,3.46
20.86,23.0
30.55,13.585
23.405,3.57
20.8,22.065
30.935000000000002,13.43
14.265,18.765
25.455,23.245
23.555,2.9749999999999996
20.305,22.8
30.525000000000002,13.97
14.145,19.635
26.400000000000002,23.19
13.860000000000001,19.175
25.635,23.08
23.71,3.4949999999999997
21.04,22.259999999999998
30.400000000000002,13.215
13.695,19.29
25.84,22.605
23.645000000000003,3.2399999999999998
21.05,21.935
30.945,13.48
23.46,3.405
20.81,22.314999999999998
30.425,13.735000000000001
14.635,19.085
26.125,23.155
14.229999999999999,19.515
26.345000000000002,22.935
22.83,3.09
21.135,22.29
30.335,13.56
22.725,2.9499999999999997
21.425,22.02
30.605,13.745000000000001
14.29,19.055
25.84,23.245
14.889999999999999,19.71
25.715,22.86
22.98,3.38
20.98,22.52
30.68,13.375
14.7,19.295
26.185000000000002,22.705
22.485,3.535
20.755,21.764999999999997
30.380000000000003,13.775
14.125,19.55
25.965,22.92
22.675,3.085
21.475,22.224999999999998
30.46,13.315
14.61,19.71
26.05,22.805
23.145,3.4
21.04,21.88
30.475,13.27
14.52,19.41
25.985,23.13
22.97,2.705
20.71,22.375
30.665,12.675
22.69,3.41
20.87,21.854999999999997
30.05,13.105
14.155,19.76
25.935000000000002,23.0
13.985,19.355
26.09,22.8
22.545,2.875
21.335,22.189999999999998
30.255,12.805
22.65,3.52
20.655,22.259999999999998
30.645,12.895
14.764999999999999,19.82
25.925,23.47
14.705,19.2
26.060000000000002,23.085
22.355,3.0349999999999997
20.74,22.285
30.29,12.805
14.41,19.86
25.815,23.395
23.035,3.21
20.745,21.869999999999997
30.3,13.345
22.895,2.775
21.625,22.33
30.765,12.915
14.415,19.3
25.845000000000002,22.71
22.585,3.435
21.46,21.57
29.91,13.245
14.649999999999999,19.8
26.36,22.5
22.49,2.9299999999999997
21.279999999999998,22.195
30.03,12.78
14.51,19.145
26.205,21.95
21.91,3.28
21.404999999999998,21.625
30.735,13.24
14.174999999999999,19.635
26.115,22.41
21.505000000000003,3.405
21.189999999999998,22.16
30.315,12.575
15.139999999999999,19.325
25.74,22.135
21.755000000000003,2.6399999999999997
21.22,21.91
29.92,13.0
14.615,19.650000000000002
26.474999999999998,22.41
14.5,19.245
26.605,22.27
22.17,3.3099999999999996
21.55,22.32
30.345000000000002,12.985
15.03,19.825
26.029999999999998,22.565
21.96,2.7699999999999996
21.064999999999998,22.015
30.23,13.16
21.64,3.235
21.005,21.805
30.150000000000002,12.76
14.85,19.125
26.39,22.595000000000002
21.41,3.045
21.745,22.075
30.345,12.47
14.44,19.815
26.605,22.215
14.715,19.425
25.95,22.310000000000002
22.265,3.2249999999999996
21.529999999999998,21.845
29.77,12.63
22.130000000000003,2.8449999999999998
21.419999999999998,21.75
30.025,12.620000000000001
15.17,19.87
26.5,22.25
21.740000000000002,3.455
21.735,22.064999999999998
29.959999999999997,12.020000000000001
14.565,19.915
26.075,22.715
21.580000000000002,2.705
21.22,22.189999999999998
29.755,12.64
14.615,19.545
26.02,21.945
22.175,2.84
21.39,21.89
29.564999999999998,12.24
15.075,19.45
26.27,22.535
21.66,2.7399999999999998
21.97,21.61
30.195,12.520000000000001
14.625,19.795
26.2,21.85
21.565,2.79
21.765,21.11
30.139999999999997,12.045
14.725,19.42
25.845,22.55
22.155,3.3899999999999997
21.635,21.625
29.7,12.58
15.145,19.565
26.16,21.945
21.795,3.1599999999999997
21.69,21.145
29.889999999999997,12.275
14.54,19.810000000000002
26.735000000000003,21.91
14.514999999999999,19.19
26.645000000000003,21.535
21.740000000000002,2.61
21.895,21.925
29.904999999999998,12.620000000000001
21.205,2.675
22.1,21.495
30.055,11.98
15.335,19.715
26.380000000000003,21.915
20.825,3.145
21.72,21.815
29.705,12.395000000000001
14.575,19.79
26.375,21.69
20.564999999999998,2.945
21.59,21.125
29.634999999999998,12.08
14.78,19.415
26.970000000000002,21.89
20.924999999999997,3.19
21.91,21.665
29.904999999999998,12.535
15.215,20.015
26.415000000000003,22.0
20.535,3.04
21.98,21.425
29.99,11.955
15.245,19.65
26.17,21.655
14.85,19.759999999999998
26.605,21.845000000000002
20.854999999999997,2.825
21.67,21.785
29.599999999999998,12.49
20.91,3.035
21.33,21.355
29.88,12.120000000000001
15.0,20.095
26.610000000000003,21.715
20.56,3.335
21.95,21.585
29.795,12.01
15.1,19.38
26.235000000000003,21.805
20.669999999999998,2.725
21.655,21.330000000000002
29.645,11.475
14.85,19.66
26.165000000000003,21.7
21.255,3.165
22.06,21.82
29.195,11.43
15.4,19.96
26.630000000000003,22.29
15.2,19.41
26.71,21.52
20.985,2.56
21.965,21.32
29.72,11.935
14.96,19.93
26.395000000000003,21.95
20.834999999999997,3.25
21.535,21.82
29.135,12.08
14.855,19.305
26.48,21.490000000000002
20.849999999999998,2.545
21.41,21.330000000000002
29.345,11.525
15.045,19.97
27.015,21.105
21.305,3.22
22.02,21.575
29.5,12.195
14.885,19.675
26.38,21.265
20.935,2.82
21.815,20.965
29.78,11.4
20.709999999999997,2.82
22.315,21.59
29.46,12.225
15.44,19.82
26.385,21.065
15.215,20.185
26.965,21.35
20.19,2.9
22.27,21.21
29.935,11.62
20.13,2.545
21.65,21.56
29.36,11.84
15.21,19.415
27.045,21.115
15.445,20.154999999999998
26.375,21.33
19.705,3.17
22.025,21.39
29.39,11.465
19.925,2.675
22.295,21.205
29.545,12.015
15.655,19.65
27.005,20.975
15.03,20.015
26.665,21.44
20.27,3.315
21.94,21.61
29.745,11.425
15.075,19.634999999999998
26.915,21.285
20.23,2.795
21.605,21.155
29.115,11.815
19.78,3.0549999999999997
22.03,21.27
29.18,11.66
15.545,19.805
26.87,20.86
15.49,19.495
26.63,21.66
20.39,3.15
22.215,21.07
29.01,11.56
20.355,2.885
21.975,20.945
29.445,10.985000000000001
15.085,20.07
26.435,20.905
19.93,3.37
22.255,21.04
28.73,11.39
14.79,19.675
26.86,21.605
19.945,2.695
21.735,20.955
28.79,11.040000000000001
15.69,19.724999999999998
26.545,21.435
20.24,3.17
22.39,21.255
29.36,11.49
15.21,19.724999999999998
26.31,21.14
20.03,2.745
22.295,21.125
29.13,10.88
15.055,19.48
27.045,20.985
15.665,19.77
26.86,20.765
19.97,2.965
21.745,21.34
28.945,11.495000000000001
20.17,3.0549999999999997
21.715,21.06
28.65,10.815
15.4,19.279999999999998
27.0,20.36
20.28,2.86
22.25,21.025
29.255,11.290000000000001
15.12,19.985
27.475,20.8
14.785,19.685
27.315,20.555
19.905,3.285
22.375,20.785
29.32,11.105
19.325000000000003,3.08
22.2,21.42
28.59,11.27
15.860000000000001,20.015
26.595,20.825
18.885,3.175
22.165,20.745
28.875,10.72
15.725000000000001,19.470000000000002
27.0,20.39
19.065,2.915
22.465,20.76
29.31,11.19
15.475000000000001,20.12
27.05,20.599999999999998
19.205000000000002,2.6550000000000002
21.945,21.385
29.26,10.74
15.675,19.59
26.76,20.794999999999998
18.855,3.34
22.0,20.89
28.9,10.985000000000001
15.42,19.93
26.97,20.61
15.265,19.565
27.01,20.73
18.85,2.685
22.59,21.06
28.515,10.35
15.82,20.05
27.11,20.25
19.435000000000002,3.29
22.72,20.97
28.38,10.77
19.26,2.725
22.1,21.33
28.35,10.225
15.64,19.785
26.675,20.865
15.23,20.150000000000002
27.265,20.55
18.935000000000002,3.0
22.045,20.69
28.685,10.605
18.995,2.915
22.275,21.01
28.37,10.605
15.5,19.355
26.605,20.875
15.4,20.075000000000003
26.89,20.37
19.380000000000003,3.01
22.13,20.825
28.355,10.31
19.275000000000002,2.535
22.345,21.01
28.945,10.61
15.38,19.505000000000003
27.285,20.419999999999998
15.605,19.445
27.365,19.834999999999997
18.73,2.835
22.375,20.69
28.815,10.36
15.14,19.915000000000003
26.744999999999997,20.314999999999998
19.595000000000002,3.04
22.585,20.645
28.105,10.625
15.290000000000001,19.425
27.15,19.83
18.720000000000002,3.09
22.435,20.87
28.275,10.334999999999999
16.215,20.189999999999998
27.38,20.2
18.94,2.56
22.805,21.085
28.755,10.754999999999999
16.285,19.7
27.404999999999998,20.125
18.395,3.49
22.615,20.335
28.665,10.375
18.375,3.02
22.115,20.895
28.345,10.66
15.875,19.814999999999998
26.825,20.4
16.064999999999998,20.064999999999998
27.294999999999998,20.369999999999997
18.169999999999998,2.8550000000000004
22.415,20.285
28.8,10.674999999999999
15.524999999999999,19.915
27.345,19.915
18.595,2.95
22.715,21.029999999999998
28.21,10.719999999999999
15.78,19.645
27.115,20.615
17.904999999999998,3.5250000000000004
22.205,21.055
28.02,10.51
16.175,20.005
26.86,19.744999999999997
18.425,3.5650000000000004
22.59,20.875
28.34,9.905
16.029999999999998,19.634999999999998
27.525,20.435
17.99,3.62
22.945,20.5
27.65,9.995
18.134999999999998,2.705
22.495,20.965
28.225,10.455
16.275,19.93
27.205,19.93
18.61,3.4000000000000004
22.47,20.259999999999998
28.37,9.985
16.395,19.764999999999997
27.13,20.349999999999998
18.419999999999998,2.87
22.81,20.585
27.925,10.485
15.875,20.049999999999997
26.814999999999998,20.009999999999998
18.125,2.835
22.14,21.0
27.675,9.885
15.705,19.775
27.305,20.075000000000003
15.569999999999999,19.95
27.205,19.290000000000003
18.384999999999998,3.39
22.205,20.404999999999998
28.25,10.155
15.78,19.9
26.75,19.675
18.215,3.0450000000000004
22.665,20.790000000000003
28.16,10.09
17.935,3.33
22.65,20.720000000000002
27.875,10.1
15.965,19.97
27.514999999999997,19.830000000000002
18.529999999999998,2.835
22.599999999999998,19.94
27.75,9.895
16.32,19.595
27.195,19.435000000000002
18.16,3.3850000000000002
22.33,20.135
28.36,10.315
15.655,19.955
27.43,19.89
17.794999999999998,3.1900000000000004
23.04,20.51
27.915,10.549999999999999
15.614999999999998,19.845
27.575,19.365000000000002
17.650000000000002,3.415
23.08,20.1
27.82,10.055
16.57,20.049999999999997
27.009999999999998,20.020000000000003
16.265,19.759999999999998
27.064999999999998,19.14
17.37,2.95
22.529999999999998,20.46
28.24,10.525
17.060000000000002,3.27
22.32,20.335
27.61,10.16
15.975,20.169999999999998
27.384999999999998,19.73
17.18,3.08
23.049999999999997,20.48
27.575,10.045
16.029999999999998,19.45
27.165,19.545
17.3,3.455
22.674999999999997,20.265
27.975,9.67
16.279999999999998,19.91
26.834999999999997,19.815
15.895,19.814999999999998
27.56,19.76
17.32,3.065
22.279999999999998,20.025000000000002
27.195,9.9
16.900000000000002,3.345
23.104999999999997,20.545
27.64,9.35
16.439999999999998,20.224999999999998
27.15,19.535
17.21,2.96
22.884999999999998,20.220000000000002
27.325,9.675
16.235,19.83
26.79,19.75
17.565,3.35
22.634999999999998,20.185000000000002
27.595000000000002,9.675
16.165,19.404999999999998
26.95,19.490000000000002
17.385,2.76
22.785,20.405
27.79,9.495000000000001
16.255,20.139999999999997
27.525000000000002,18.995
16.235,19.875
27.215,19.245
17.060000000000002,3.365
22.759999999999998,19.985000000000003
27.39,9.8
16.075,19.924999999999997
27.150000000000002,18.755000000000003
17.065,3.08
22.264999999999997,20.37
27.475,9.620000000000001
17.395,3.73
23.0,20.060000000000002
27.79,10.045
16.064999999999998,19.455
27.705000000000002,19.3
16.24,19.965
27.6,18.685000000000002
17.515,2.965
23.105,19.79
27.89,9.365
17.255,3.495
22.54,20.5
27.525000000000002,9.84
16.509999999999998,19.7
27.110000000000003,19.145000000000003
16.105,20.115
27.155,18.880000000000003
17.060000000000002,3.025
22.65,19.68
27.720000000000002,9.870000000000001
16.715,3.63
22.775,20.365000000000002
27.17,9.745000000000001
16.095,19.57
27.505000000000003,18.895000000000003
16.77,3.07
23.09,19.935000000000002
27.470000000000002,9.225
16.685000000000002,20.305
27.0,19.14
16.635,19.74
27.130000000000003,18.905
16.470000000000002,3.6
22.52,20.305
27.765,9.82
16.535,19.785
27.455000000000002,19.495
16.37,3.49
22.75,19.84
27.545,9.915000000000001
16.76,3.81
22.805,20.240000000000002
27.2,9.52
16.875,20.11
27.285,19.560000000000002
16.91,3.175
22.6,19.975
26.979999999999997,9.435
16.965,19.744999999999997
27.35,18.855
16.54,20.38
27.545,19.425
16.55,3.11
22.38,20.105
27.18,8.945
16.28,20.075
27.385,19.1
16.635,3.82
22.455,19.875
26.825,8.93
16.615000000000002,3.28
22.855,20.04
27.11,9.395
16.275000000000002,19.63
27.375,18.925
16.965,20.075
27.535,18.384999999999998
16.23,3.57
22.32,20.29
27.11,8.79
16.41,20.099999999999998
27.105,18.025
16.485,3.33
23.115,20.17
26.634999999999998,9.125
16.19,19.755
27.630000000000003,18.435
16.560000000000002,3.53
23.175,19.855
26.779999999999998,8.875
16.71,19.43
27.275000000000002,18.689999999999998
16.84,3.1550000000000002
22.27,20.095000000000002
27.044999999999998,9.15
16.155,19.919999999999998
27.330000000000002,18.099999999999998
16.38,3.73
23.205,19.865
27.255,8.805
16.18,19.785
27.48,18.58
16.41,3.415
22.7,19.979999999999997
26.58,8.92
16.06,3.71
22.74,19.285
27.049999999999997,9.469999999999999
17.015,19.935
27.040000000000003,18.65
16.725,19.57
27.630000000000003,18.18
15.364999999999998,3.7350000000000003
23.11,20.014999999999997
26.959999999999997,8.695
16.295,20.119999999999997
27.095000000000002,18.465
15.37,3.555
23.18,19.31
26.665,9.475
17.255000000000003,19.634999999999998
26.96,18.169999999999998
15.844999999999999,4.085
22.74,20.11
26.57,8.875
16.700000000000003,20.095
27.375,18.564999999999998
16.125,3.45
22.555,19.345
27.08,9.295
17.310000000000002,19.779999999999998
27.82,18.314999999999998
15.344999999999999,3.96
22.974999999999998,19.915
27.32,8.86
16.795,20.275
27.14,18.765
15.459999999999999,3.39
23.08,19.555
26.86,9.465
16.970000000000002,19.959999999999997
27.105,18.07
15.93,4.12
22.47,19.65
26.33,9.085
15.465,3.7150000000000003
22.764999999999997,19.56
26.125,9.215
16.96,19.889999999999997
27.45,17.545
15.264999999999999,3.555
22.919999999999998,20.009999999999998
25.87,8.735000000000001
16.67,20.099999999999998
27.16,18.41
16.685000000000002,19.465
26.994999999999997,17.805
15.514999999999999,3.9400000000000004
22.979999999999997,19.564999999999998
26.355,8.940000000000001
15.629999999999999,3.58
22.924999999999997,20.044999999999998
26.595,8.63
17.01,20.125
27.5,18.275
16.66,20.014999999999997
27.755,18.0
15.92,3.75
23.165,19.494999999999997
25.995,8.82
16.490000000000002,19.61
27.049999999999997,18.165
15.92,3.435
22.854999999999997,20.13
26.145,8.725000000000001
15.61,3.955
22.9,19.16
26.35,8.8
16.6,19.919999999999998
27.36,17.835
16.92,19.49
27.615,17.58
15.424999999999999,3.5250000000000004
23.255,19.445
26.195,8.92
14.685,4.4399999999999995
23.32,18.975
26.335,8.4
16.64,20.095
27.205,18.425
16.55,19.619999999999997
27.285,17.99
14.889999999999999,3.6249999999999996
22.925,19.520000000000003
25.985,9.110000000000001
17.29,20.36
27.639999999999997,18.255
14.84,4.255
22.6,19.35
26.13,8.5
17.615,19.805
27.57,17.76
14.56,3.78
23.075,19.41
26.6,9.13
17.035,19.779999999999998
27.349999999999998,18.365
14.91,4.13
23.19,19.085
26.625,8.610000000000001
17.425,20.005
27.564999999999998,18.34
15.11,3.675
22.78,19.505000000000003
25.915,8.815000000000001
17.62,19.854999999999997
27.279999999999998,18.44
14.705,4.27
23.08,19.69
25.904999999999998,8.625
17.029999999999998,20.229999999999997
26.979999999999997,17.8
14.41,4.085
23.18,18.885
26.029999999999998,8.31
17.095,19.56
27.330000000000002,17.56
15.185,4.194999999999999
22.58,19.51
25.265,8.505
16.939999999999998,19.75
27.17,17.709999999999997
15.205,3.9949999999999997
22.91,19.130000000000003
25.525,7.970000000000001
17.265,19.535
27.25,17.229999999999997
14.66,4.295
23.195,19.51
25.814999999999998,8.56
16.895,20.125
27.515,17.634999999999998
14.504999999999999,3.8999999999999995
23.01,19.055
25.86,8.110000000000001
17.245,20.005
27.205000000000002,17.41
15.014999999999999,3.7899999999999996
22.65,19.115000000000002
25.349999999999998,8.455
17.27,19.689999999999998
27.035,17.205
14.45,4.239999999999999
23.23,18.985000000000003
25.605,8.125
17.134999999999998,19.97
27.665,17.68
14.62,3.8749999999999996
22.865,19.1
25.865,8.495000000000001
16.849999999999998,19.639999999999997
27.175,17.229999999999997
14.27,4.61
23.255000000000003,19.34
26.169999999999998,8.395
17.245,19.959999999999997
27.55,17.099999999999998
14.280000000000001,4.315
23.235000000000003,18.685
25.465,8.595
17.36,19.514999999999997
27.265,17.294999999999998
14.01,4.515000000000001
23.035,19.185
25.279999999999998,8.205
16.925,19.724999999999998
27.615000000000002,17.169999999999998
14.06,4.265000000000001
22.98,18.61
25.79,8.715
17.779999999999998,19.91
27.07,17.509999999999998
14.235000000000001,4.425000000000001
23.34,18.97
25.91,8.045
14.385,4.300000000000001
22.945,18.605
25.43,8.525
17.435,19.650000000000002
27.145,17.209999999999997
13.705,4.1850000000000005
23.28,19.04
25.465,8.085
17.215,20.175
27.545,17.674999999999997
14.17,4.800000000000001
22.67,19.06
25.615,7.930000000000001
17.455,19.95
27.295,17.584999999999997
14.44,4.140000000000001
22.75,18.995
24.9,8.285
17.74,19.470000000000002
27.295,17.029999999999998
13.715,4.455
23.310000000000002,19.325
25.259999999999998,8.105
17.195,20.21
27.36,17.029999999999998
13.81,4.155
23.490000000000002,18.85
24.759999999999998,8.215
17.2,19.625
26.81,16.7
14.175,4.48
22.995,19.31
25.174999999999997,8.175
17.415,20.11
27.564999999999998,16.979999999999997
14.265,4.4
23.01,18.905
24.705,8.085
17.479999999999997,19.310000000000002
27.314999999999998,16.814999999999998
14.115,4.795
23.575000000000003,19.15
25.104999999999997,7.855
17.345,20.205000000000002
27.134999999999998,16.939999999999998
17.205,19.69
26.945,16.68
14.07,4.130000000000001
23.41,18.68
25.349999999999998,8.055000000000001
17.59,19.965
27.36,16.88
13.715,5.07
22.645000000000003,19.015
25.494999999999997,8.05
17.439999999999998,19.415
26.88,16.654999999999998
13.77,4.68
23.595,18.68
24.889999999999997,8.255
13.165000000000001,4.98
23.479999999999997,18.415
24.729999999999997,7.86
17.064999999999998,19.580000000000002
27.255,17.04
17.584999999999997,20.035
27.15,17.34
13.17,4.555
23.09,18.695
25.34,8.39
13.715,4.785
22.865,18.604999999999997
25.514999999999997,8.040000000000001
17.895,19.78
26.825,16.66
17.02,20.1
27.58,17.13
13.48,4.635
23.189999999999998,18.924999999999997
24.82,8.305000000000001
13.305,5.13
22.965,18.68
25.125,7.675000000000001
17.244999999999997,19.76
27.424999999999997,16.83
12.92,4.65
22.924999999999997,18.419999999999998
24.875,7.935
17.79,20.215
26.95,16.9
13.71,5.08
23.27,18.84
24.31,8.15
17.709999999999997,19.54
27.174999999999997,17.25
17.549999999999997,19.94
27.209999999999997,16.785
13.435,4.37
23.189999999999998,18.474999999999998
24.625,7.96
13.08,5.09
22.729999999999997,18.799999999999997
24.21,7.77
17.45,19.54
27.104999999999997,16.965
17.854999999999997,19.975
26.99,16.79
13.375,4.345
23.134999999999998,18.375
24.305,7.315
17.16,19.74
27.38,16.72
13.51,4.725
23.56,18.895
24.91,7.75
13.065,4.685
23.22,18.56
24.745,7.56
17.735,19.355
27.075,16.189999999999998
13.565,5.105
22.955,18.564999999999998
24.46,8.085
17.395,19.56
26.585,16.439999999999998
13.6,4.42
23.509999999999998,18.939999999999998
24.27,7.38
17.86,19.82
26.985,16.025
13.26,4.895
22.985,18.994999999999997
24.585,7.33
17.674999999999997,19.71
27.185,16.735
12.989999999999998,5.255
22.785,18.65
24.265,8.035
17.264999999999997,19.895
27.0,16.72
12.889999999999999,5.465
23.34,18.195
24.205,7.695
17.514999999999997,19.46
26.79,16.044999999999998
17.979999999999997,19.845
27.435,16.544999999999998
12.93,4.91
22.865,18.16
24.69,8.205
17.994999999999997,19.625
27.285,16.31
12.584999999999999,5.42
23.34,18.3
24.565,7.385
17.325,19.95
26.59,16.49
12.36,5.065
23.39,17.96
24.345,7.96
12.915,5.635
22.785,18.33
24.19,7.64
17.57,19.385
26.965,16.049999999999997
18.17,20.02
26.91,16.224999999999998
13.02,4.835
23.115,18.08
24.2,7.865
17.61,19.505
27.2,16.424999999999997
12.489999999999998,5.425
23.235,18.68
23.924999999999997,7.390000000000001
18.065,20.12
27.405,16.22
12.69,4.925
23.29,17.825
23.7,7.800000000000001
17.92,19.255
26.775,16.65
12.735,5.505
22.974999999999998,18.13
23.674999999999997,7.390000000000001
13.11,4.9750000000000005
23.22,18.735
23.939999999999998,8.1
17.720000000000002,20.044999999999998
26.715,16.259999999999998
12.334999999999999,5.23
23.46,17.95
23.709999999999997,7.96
17.705000000000002,19.34
27.045,16.085
12.36,4.96
23.18,18.565
23.639999999999997,7.380000000000001
18.0,20.085
27.335,15.825000000000001
12.92,5.3100000000000005
23.154999999999998,18.2
24.005,7.98
17.645,20.095
26.955,16.065
12.915,5.155
23.63,18.26
24.25,7.5600000000000005
17.345000000000002,19.65
26.88,15.63
12.665,5.23
23.5,18.06
23.81,7.765000000000001
17.975,20.06
27.225,15.98
17.93,19.27
27.395,15.71
12.344999999999999,5.07
23.11,18.285
24.009999999999998,7.91
12.39,5.86
22.995,18.225
23.959999999999997,7.430000000000001
17.67,19.75
27.45,15.97
11.89,5.2
23.61,18.085
23.814999999999998,8.110000000000001
17.8,19.83
27.21,15.48
12.325000000000001,6.005000000000001
23.095,17.755
23.884999999999998,7.29
17.810000000000002,19.555
26.985,16.165
17.735,20.009999999999998
26.825,15.88
12.260000000000002,5.315
23.335,18.325
24.005,7.785
12.235000000000001,6.055000000000001
23.29,17.92
23.99,7.46
17.785,19.34
27.02,16.105
12.38,5.365
22.974999999999998,18.475
23.669999999999998,7.970000000000001
18.42,19.610000000000003
27.235,15.64
11.965,5.865
22.83,18.01
23.865,7.525
18.475,19.575000000000003
26.8,16.025
11.645000000000001,5.380000000000001
23.585,18.145
23.185,7.510000000000001
17.66,19.665000000000003
26.965,15.44
12.415000000000001,5.785
22.974999999999998,17.795
23.389999999999997,6.99
17.865,19.41
27.465,16.015
18.255,19.975
27.245,15.83
12.14,5.445
23.675,18.05
22.84,7.640000000000001
11.96,6.115
23.455,17.84
22.764999999999997,7.23
17.82,19.900000000000002
26.86,15.365
11.635000000000002,5.680000000000001
23.18,18.205000000000002
23.555,7.6000000000000005
17.88,19.240000000000002
27.185,15.205
11.91,5.33
23.145,17.990000000000002
23.244999999999997,7.16
18.095,19.745
26.61,15.639999999999999
12.295,5.655
23.384999999999998,17.985
22.985,7.745
18.07,19.435000000000002
26.325,15.245
17.6,19.46
27.075,15.674999999999999
12.47,5.525
23.055,18.51
22.849999999999998,7.0600000000000005
18.005,19.94
26.79,15.275
11.855,5.8100000000000005
23.279999999999998,18.32
23.174999999999997,7.6450000000000005
18.11,19.380000000000003
26.345,15.19
12.0,5.44
23.395,17.775000000000002
23.549999999999997,7.2700000000000005
11.604999999999999,5.845000000000001
22.86,18.055
22.904999999999998,7.510000000000001
17.74,19.93
27.115,15.44
17.65,19.565
27.045,15.27
11.084999999999999,6.340000000000001
22.88,17.78
22.7,7.205
18.29,19.66
26.605,15.375
11.344999999999999,6.055000000000001
23.29,17.77
23.54,7.69
11.545,6.245
22.724999999999998,17.900000000000002
23.314999999999998,7.17
18.44,19.400000000000002
26.54,15.325
11.87,6.07
23.395,18.155
22.729999999999997,7.66
17.805,19.805
26.83,15.685
17.765,19.42
27.085,15.1
11.125,6.385000000000001
23.37,17.765
23.06,6.985
11.135,5.95
23.175,18.055
22.55,7.725
18.29,19.61
26.635,15.555
11.68,6.425000000000001
22.8,17.720000000000002
22.81,7.215
18.095,19.61
26.74,15.275
18.2,19.065
26.745,15.1
11.575,6.005000000000001
23.365,17.815
22.48,7.375
11.084999999999999,5.94
23.335,17.465
22.11,7.25
18.395,19.73
26.385,14.49
11.705,6.19
22.825,17.905
22.67,7.615
18.58,19.37
26.945,14.975
11.67,5.785
23.14,17.46
22.965,7.29
17.904999999999998,19.29
26.775000000000002,14.69
11.655,6.470000000000001
23.439999999999998,17.815
22.225,7.675
18.45,19.66
26.455000000000002,15.299999999999999
11.53,6.015000000000001
23.22,17.35
22.145,7.194999999999999
18.57,19.44
26.475,14.825
11.055,6.2250000000000005
23.055,18.18
22.715,6.95
17.925,19.67
26.93,14.74
11.219999999999999,6.045
23.099999999999998,17.585
22.18,7.59
17.735,19.485
26.42,14.855
10.935,6.9350000000000005
23.21,17.885
22.295,7.08
18.13,19.715
26.77,15.219999999999999
10.925,6.615
22.759999999999998,17.86
22.615,7.75
17.87,19.265
26.68,14.68
10.605,6.74
22.925,17.53
22.405,7.765
18.505,19.900000000000002
26.35,14.834999999999999
11.02,6.885000000000001
23.450000000000003,17.71
22.94,7.484999999999999
18.035,19.82
26.785,15.219999999999999
11.1,6.41
23.245,17.189999999999998
22.945,7.21
18.154999999999998,19.42
26.76,14.625
10.725,6.515000000000001
22.76,17.779999999999998
22.225,7.335
3.915,9.709999999999999
26.165,14.855
11.225,7.0200000000000005
23.07,17.33
22.5,7.29
4.25,9.245
26.185000000000002,14.825
10.705,6.825
22.935000000000002,17.46
22.009999999999998,7.239999999999999
3.81,9.615
26.78,14.45
10.725,6.595000000000001
22.93,17.235
22.13,7.09
3.76,9.495
26.475,14.129999999999999
10.965,6.87
23.220000000000002,17.79
21.689999999999998,7.295
3.965,10.04
26.12,14.87
11.345,6.550000000000001
22.845000000000002,17.724999999999998
21.775,6.734999999999999
4.285,9.459999999999999
26.445,14.705
10.82,6.86
23.155,17.544999999999998
22.325,7.005
3.745,9.655
26.515,14.014999999999999
10.825000000000001,6.36
22.82,17.529999999999998
21.724999999999998,7.255
3.855,9.514999999999999
26.075,14.524999999999999
11.015,7.07
23.200000000000003,17.724999999999998
21.525,6.8149999999999995
4.125,9.93
26.080000000000002,14.065
10.655000000000001,7.005000000000001
23.355,17.245
22.16,7.415
4.205,9.375
26.315,14.87
10.555,6.295
23.265,17.55
22.104999999999997,6.705
3.775,9.719999999999999
26.305,14.055
10.665000000000001,6.94
23.360000000000003,17.154999999999998
21.584999999999997,7.109999999999999
3.895,9.57
26.28,14.555
10.22,7.61
22.84,17.675
21.88,6.88
3.995,9.735
26.005,14.334999999999999
9.905000000000001,7.23
23.205000000000002,17.025
22.014999999999997,7.34
4.0,9.245
26.425,14.719999999999999
10.415000000000001,7.405
22.92,17.314999999999998
22.154999999999998,6.9399999999999995
3.755,9.73
26.51,14.389999999999999
10.615,6.94
23.41,17.06
21.729999999999997,7.425
3.6149999999999998,9.285
26.215,14.825
10.015,7.34
22.970000000000002,17.485
21.705,7.085
3.885,10.705
25.985,14.334999999999999
10.0,7.015
22.635,17.02
21.285,6.89
3.53,11.05
25.95,14.165
10.73,7.325
23.09,17.33
20.855,7.21
3.135,10.65
26.044999999999998,14.045
10.305000000000001,6.845
23.195,17.009999999999998
20.99,6.68
3.645,11.14
25.95,14.5
3.6799999999999997,10.23
25.95,13.834999999999999
10.3,6.925
22.995,17.424999999999997
21.72,7.09
3.38,10.515
26.025,13.98
10.485000000000001,7.48
22.755,16.939999999999998
21.045,7.365
3.9299999999999997,10.935
25.745,14.424999999999999
10.07,7.495
23.135,17.615
21.115,6.725
3.675,10.5
25.83,14.03
9.915000000000001,7.175
23.405,17.035
21.335,7.3149999999999995
3.1449999999999996,10.375
25.99,13.844999999999999
10.395000000000001,7.055
22.615000000000002,17.354999999999997
21.355,6.8999999999999995
3.9899999999999998,10.555
25.794999999999998,13.9
9.925,7.465
23.0,16.755
21.14,7.185
9.98,7.195
23.150000000000002,16.919999999999998
21.025,6.96
3.505,10.870000000000001
26.325,14.209999999999999
9.76,8.19
22.795,17.294999999999998
21.335,7.535
3.32,10.535
26.165,13.85
10.18,7.8
23.16,16.915
21.48,6.67
3.6799999999999997,10.825000000000001
25.884999999999998,14.495
3.175,10.790000000000001
25.495,14.07
9.489999999999998,7.859999999999999
23.06,16.854999999999997
21.055,6.984999999999999
3.3699999999999997,10.200000000000001
26.23,14.215
9.465,7.845
22.84,17.185
21.59,7.27
9.774999999999999,8.12
23.064999999999998,17.209999999999997
21.075,7.3999999999999995
3.335,11.025
26.279999999999998,13.91
9.62,8.2
23.2,16.685
20.83,6.975
3.545,11.81
25.64,14.15
3.63,11.120000000000001
25.9,13.975
9.68,7.68
22.544999999999998,16.674999999999997
20.595,7.32
9.875,7.5649999999999995
23.07,17.174999999999997
20.7,6.765
3.205,11.85
25.715,14.084999999999999
3.255,11.385
26.16,13.715
9.639999999999999,8.32
22.91,16.759999999999998
20.115,7.07
9.7,8.2
22.7,17.055
20.255,6.735
3.365,11.425
25.265,13.735
9.955,7.635
22.785,16.88
20.85,6.985
3.74,11.265
25.415,13.364999999999998
9.305,7.875
22.95,17.229999999999997
20.195,7.16
3.035,11.44
25.825,13.35
3.35,11.6
25.545,13.95
9.444999999999999,7.47
23.259999999999998,16.564999999999998
20.095,6.86
10.11,7.76
22.84,17.369999999999997
20.705,7.39
3.435,10.975
25.28,13.53
9.354999999999999,7.8999999999999995
22.854999999999997,16.669999999999998
20.755,6.94
3.245,11.64
25.835,13.895
9.645,7.83
22.9,17.035
20.19,7.365
3.105,11.055
26.1,13.614999999999998
9.74,8.6
23.325,16.854999999999997
20.57,7.37
3.455,11.815
25.46,13.93
9.504999999999999,8.219999999999999
22.72,16.63
20.685,6.895
3.24,11.765
26.035,13.729999999999999
8.94,8.395
23.150000000000002,16.37
20.025,7.11
2.975,11.23
25.93,13.25
3.5100000000000002,12.32
25.56,13.895
9.295,8.185
22.725,16.715
20.63,7.025
9.53,8.815
22.735000000000003,16.39
20.755,6.915
2.8600000000000003,12.285
25.485,13.54
9.435,8.16
22.610000000000003,16.71
20.5,7.03
3.19,12.805
25.450000000000003,13.39
8.915,8.35
23.12,16.965
20.095,7.0600000000000005
3.205,12.06
25.715,13.185
8.965,8.185
22.900000000000002,16.405
19.685,7.355
2.7600000000000002,12.685
25.045,13.450000000000001
9.514999999999999,8.43
22.545,16.655
19.604999999999997,6.555
2.685,12.295
25.560000000000002,12.930000000000001
9.74,8.33
22.830000000000002,16.295
20.189999999999998,6.7
3.39,12.405
25.095000000000002,13.485000000000001
9.285,8.805
23.235000000000003,16.75
19.865,7.035
3.1950000000000003,12.055
25.195,12.985000000000001
9.575,8.45
22.94,16.25
19.575,6.655
3.06,12.415
25.8,13.485000000000001
9.53,8.29
22.84,17.035
19.939999999999998,7.16
3.18,12.205
25.215,12.84
9.24,8.775
22.630000000000003,16.575000000000003
20.29,6.775
2.92,12.68
25.62,13.315000000000001
2.725,12.15
25.255000000000003,13.735000000000001
9.459999999999999,8.42
23.19,16.96
19.654999999999998,7.0600000000000005
9.165,8.57
22.5,16.62
19.875,6.4750000000000005
3.14,12.834999999999999
24.875,13.265
2.73,12.014999999999999
25.555,13.25
9.06,9.335
23.005000000000003,16.875
20.25,7.065
8.675,9.41
22.85,16.335
20.09,6.505
3.5700000000000003,12.4
25.195,13.73
8.415000000000001,8.995000000000001
22.615000000000002,16.8
19.555,7.235
3.295,12.115
25.195,13.190000000000001
9.025,9.175
22.585,16.435000000000002
19.9,6.58
2.705,12.389999999999999
25.830000000000002,13.335
8.995000000000001,8.81
22.925,16.779999999999998
20.099999999999998,6.95
2.68,12.215
25.76,13.175
3.37,13.405
25.18,13.635000000000002
8.775,9.260000000000002
22.75,15.959999999999999
19.935,6.665
9.200000000000001,8.895000000000001
22.55,16.18
19.465,6.92
3.145,12.905
25.145000000000003,12.870000000000001
2.895,12.93
24.95,12.77
8.530000000000001,9.32
22.845,16.474999999999998
19.56,7.4399999999999995
3.4250000000000003,13.09
25.335,12.68
8.875,8.770000000000001
22.3,16.369999999999997
19.3,6.819999999999999
8.94,9.280000000000001
22.965,16.479999999999997
19.35,7.345
2.85,12.835
24.88,13.245
3.14,13.305
24.935000000000002,12.735
9.235000000000001,8.755
22.9,16.255
18.95,7.165
8.64,9.415000000000001
22.415,16.494999999999997
19.08,7.0
3.265,12.91
25.43,13.219999999999999
8.845,8.995000000000001
22.48,16.294999999999998
19.445,7.1
3.0900000000000003,13.68
25.335,12.785
8.93,9.14
22.88,16.32
19.635,6.779999999999999
3.3600000000000003,13.185
24.675,13.084999999999999
8.795,9.075000000000001
22.669999999999998,15.959999999999999
18.835,7.18
2.83,13.48
24.735,12.889999999999999
8.685,8.785
22.75,16.4
18.99,6.725
2.825,13.005
25.185000000000002,13.045
8.575000000000001,9.98
23.175,16.349999999999998
19.375,7.1049999999999995
3.35,13.265
25.015,13.389999999999999
8.575000000000001,9.4
22.41,16.66
19.74,7.01
3.475,13.165
25.41,12.95
8.510000000000002,10.035
22.52,16.18
19.57,7.2299999999999995
2.875,13.025
25.14,12.78
3.2,13.39
24.98,13.424999999999999
8.205,9.57
22.830000000000002,16.445
19.375,7.0
3.515,13.015
24.595000000000002,12.86
8.675,9.365
22.17,16.285
19.11,7.27
3.095,13.61
25.32,13.254999999999999
8.22,10.025
22.365000000000002,15.889999999999999
19.19,6.965
3.035,13.04
25.2,12.899999999999999
8.200000000000001,9.415000000000001
23.025000000000002,16.285
18.62,7.545
8.755,9.715
22.755000000000003,16.2
18.735,6.6499999999999995
3.255,14.17
24.985,13.155
3.235,14.125
24.740000000000002,12.7
8.34,9.72
22.395000000000003,15.825
19.14,7.395
8.315000000000001,9.525
22.745,16.34
18.92,6.96
2.75,14.31
25.035,12.754999999999999
8.905000000000001,9.94
22.91,15.879999999999999
18.42,6.76
2.815,13.915000000000001
25.21,12.555
3.3249999999999997,14.07
24.66,12.469999999999999
8.735000000000001,9.52
22.360000000000003,16.285
18.795,7.305
8.445,9.68
22.490000000000002,15.805
18.655,7.1
2.5949999999999998,14.255
25.105,13.049999999999999
2.88,13.935
25.065,12.52
8.545,9.225
22.635,16.43
18.43,7.06
3.445,14.435
24.57,12.924999999999999
8.850000000000001,9.97
22.5,16.36
18.905,7.3549999999999995
2.8099999999999996,14.035
25.13,13.045
8.655000000000001,9.365
22.360000000000003,15.805
18.915,6.88
3.33,14.375
25.145,12.364999999999998
8.510000000000002,9.71
22.695,16.605
18.58,6.92
3.2249999999999996,13.73
24.580000000000002,12.75
8.120000000000001,9.485000000000001
22.885,15.83
18.925,6.739999999999999
8.57,10.35
22.895,16.285
18.745,7.34
2.88,14.055
24.76,12.594999999999999
8.46,10.07
22.650000000000002,15.790000000000001
18.855,7.395
3.235,14.195
25.150000000000002,12.879999999999999
7.880000000000001,10.77
22.455000000000002,16.285
18.485,7.255
3.5349999999999997,14.105
24.845000000000002,12.514999999999999
7.720000000000001,10.315
22.88,16.37
18.615,6.9799999999999995
2.875,13.805
24.655,12.709999999999999
8.615,10.41
22.905,16.035
18.38,7.505
3.34,15.185
24.59,12.62
8.165000000000001,9.855
22.325,16.165
18.415,6.975
2.995,14.775
24.86,12.319999999999999
7.890000000000001,10.715
22.285,16.0
17.91,7.055
3.42,15.25
24.415,12.754999999999999
8.165000000000001,10.685
22.795,16.265
18.095000000000002,7.57
3.255,14.885
24.595000000000002,12.649999999999999
7.915,10.7
22.135,16.14
18.26,7.02
2.54,14.99
24.415,12.629999999999999
8.085,10.295
22.490000000000002,15.63
17.865000000000002,7.45
3.045,15.299999999999999
24.06,12.684999999999999
8.33,10.485
22.87,16.425
18.205000000000002,7.72
3.05,14.945
24.494999999999997,12.684999999999999
8.08,10.43
22.715,15.595
18.17,6.93
2.905,15.174999999999999
24.66,12.28
7.9,10.23
22.185000000000002,16.26
17.89,7.4
2.605,14.91
24.014999999999997,12.75
8.285,10.73
22.155,16.045
18.035,7.13
3.04,15.19
24.13,12.135
8.255,10.77
22.675,16.505
18.175,7.6
3.06,14.685
24.535,12.67
8.605,10.344999999999999
22.44,16.475
18.35,7.035
2.84,14.94
24.7,12.16
8.145,10.745
22.17,15.895000000000001
18.045,7.33
3.245,14.825
24.235,12.594999999999999
7.930000000000001,9.995
22.785,16.195
17.86,6.985
2.83,15.379999999999999
24.189999999999998,12.2
8.045,10.51
22.145,16.105
18.150000000000002,7.045
3.3,15.44
24.685,12.455
7.815,11.354999999999999
22.215,15.799999999999999
17.685000000000002,7.57
2.6550000000000002,15.2
24.615,12.399999999999999
7.815,10.75
22.674999999999997,16.2
17.59,7.244999999999999
2.755,14.91
24.354999999999997,12.455
8.165000000000001,11.145
22.52,15.825
17.4,7.1899999999999995
3.15,16.2
24.189999999999998,12.405
8.135,10.815
22.09,16.265
17.52,7.67
3.33,15.615
24.639999999999997,12.719999999999999
7.75,11.254999999999999
22.195,15.875
17.925,7.279999999999999
2.7600000000000002,15.655
24.439999999999998,12.354999999999999
7.595000000000001,11.209999999999999
22.415,16.325
17.405,7.7749999999999995
3.52,16.2
24.294999999999998,12.79
2.84,16.38
24.264999999999997,12.205
8.015,11.194999999999999
22.65,15.85
17.805,7.55
2.845,15.885
24.215,12.584999999999999
7.72,11.19
22.365,15.594999999999999
17.525,7.225
3.225,16.36
24.32,12.2
7.78,10.625
22.58,16.31
17.16,7.4799999999999995
3.435,15.65
23.98,12.26
7.97,11.065
22.535,15.94
17.505,7.199999999999999
8.165000000000001,10.944999999999999
22.264999999999997,15.67
17.27,7.6499999999999995
2.8200000000000003,15.715
23.795,11.93
3.42,16.15
24.220000000000002,12.364999999999998
7.595000000000001,11.17
22.459999999999997,16.09
17.67,7.56
8.25,11.26
22.485,15.725
17.805,7.345
3.0700000000000003,16.465
24.165,12.18
8.375,10.754999999999999
22.205,16.25
17.42,7.425
3.555,16.04
24.02,12.504999999999999
7.995,11.264999999999999
22.375,16.235
17.1,7.0649999999999995
2.7,16.02
23.835,12.2
2.865,15.63
24.135,12.575
7.63,11.475
22.110000000000003,16.13
17.72,7.59
7.855,11.364999999999998
22.045,15.625
17.735,7.35
3.11,16.355
23.965,12.405
3.25,15.94
24.395,12.094999999999999
7.32,11.905
22.545,15.84
17.34,7.534999999999999
7.735,11.5
22.735000000000003,15.575000000000001
17.35,6.944999999999999
2.775,15.835
23.925,12.405
7.81,11.77
22.490000000000002,15.845
3.54,16.94
23.855,12.139999999999999
3.6750000000000003,16.695
24.34,12.465
7.59,11.274999999999999
22.71,15.795
7.89,11.79
22.3,16.11
3.0650000000000004,17.310000000000002
24.135,12.12
7.38,11.59
21.915000000000003,15.63
3.46,17.130000000000003
23.645,12.055
7.855,11.325
22.505000000000003,16.225
3.125,17.310000000000002
23.875,11.53
7.63,12.18
22.805,15.75
2.85,16.700000000000003
23.315,11.875
3.4450000000000003,17.17
23.19,11.754999999999999
7.31,11.639999999999999
22.255000000000003,15.915000000000001
7.775,11.944999999999999
21.925,15.795
3.1950000000000003,17.055
23.71,12.145
8.085,11.614999999999998
22.650000000000002,16.12
2.98,16.76
24.045,11.795
3.375,17.025000000000002
23.445,12.165
7.595,12.04
22.285,15.815000000000001
7.675,11.7
21.880000000000003,15.700000000000001
3.475,16.64
23.555,12.2
7.694999999999999,12.495
22.215,16.11
3.1900000000000004,17.055
23.275000000000002,12.049999999999999
7.76,12.02
21.755,15.83
3.3600000000000003,16.93
23.14,11.635
3.2150000000000003,16.560000000000002
23.615000000000002,12.344999999999999
7.285,12.299999999999999
22.45,16.05
7.7299999999999995,12.54
22.45,15.245000000000001
3.115,16.93
23.445,11.51
3.3000000000000003,17.43
24.035,11.885
7.75,12.094999999999999
22.12,15.9
7.075,12.48
22.005,15.245000000000001
3.645,18.11
23.89,11.56
7.359999999999999,12.32
22.485,15.935
3.345,18.19
23.475,12.135
7.85,12.67
22.23,15.225
3.33,17.33
23.535,11.790000000000001
3.74,17.46
23.564999999999998,11.535
7.31,12.745
22.189999999999998,15.85
7.505,12.285
21.884999999999998,15.540000000000001
3.355,18.235
23.115,11.775
3.4050000000000002,17.56
23.105,11.395
7.825,12.685
22.49,16.02
7.995,12.225
22.45,15.47
3.845,17.99
23.335,11.27
7.345,12.35
22.075,16.13
3.62,17.445
22.835,11.780000000000001
7.245,12.225
22.5,16.0
3.0,17.93
23.165,11.195
3.415,17.565
23.564999999999998,11.835
7.78,12.594999999999999
22.625,15.55
7.435,12.51
22.05,15.705
3.5,18.235
23.685,11.635
7.13,12.305
22.154999999999998,15.535
3.47,17.42
23.14,11.665000000000001
7.565,13.39
22.165,15.585
3.3200000000000003,17.78
22.83,11.315
7.71,12.67
22.384999999999998,15.34
3.015,17.615
23.58,11.845
7.2,13.185
21.95,15.55
3.99,19.09
22.849999999999998,11.415000000000001
3.9000000000000004,18.41
23.57,11.870000000000001
7.175,12.635
21.974999999999998,15.48
3.5,19.11
22.96,11.97
7.535,13.115
21.945,15.67
3.5100000000000002,18.505
22.81,11.575000000000001
7.720000000000001,12.785
21.93,15.42
7.005,13.175
22.415,15.745000000000001
3.85,18.89
22.845,11.41
7.7250000000000005,13.34
22.345,15.455
3.75,18.55
22.96,11.370000000000001
7.535,12.93
21.77,15.690000000000001
3.45,19.035
22.635,11.415000000000001
6.985,12.85
21.735,15.510000000000002
3.415,18.3
22.32,11.26
7.915,13.1
22.455,15.63
3.955,18.4
22.795,11.445
7.49,12.88
22.349999999999998,15.260000000000002
3.64,18.919999999999998
22.95,11.200000000000001
3.685,18.634999999999998
22.675,11.69
7.09,13.1
21.825,15.565000000000001
7.125,12.795
21.799999999999997,15.395000000000001
3.845,18.34
22.57,11.110000000000001
7.640000000000001,12.74
22.31,15.805000000000001
3.575,19.145
22.92,11.14
3.6700000000000004,18.7
22.755,11.495000000000001
7.22,12.79
22.169999999999998,15.335
3.7,19.169999999999998
22.995,11.05
7.43,13.835
21.86,15.89
3.875,18.605
22.35,11.615
7.1049999999999995,13.945
21.785,15.515
7.13,13.62
22.19,15.545
3.5050000000000003,19.145
22.705,11.335
7.76,13.98
22.455,15.395
3.43,18.56
23.095,11.57
7.609999999999999,13.745
21.825,15.6
4.2700000000000005,19.580000000000002
22.63,11.4
6.92,13.83
21.97,15.105
4.045,19.12
22.425,11.13
7.06,13.365
22.285,15.610000000000001
3.75,19.64
22.535,11.73
3.83,19.25
22.18,11.31
7.425,14.225
21.555,15.475
7.715,13.75
21.785,14.97
4.15,19.475
22.29,11.110000000000001
7.205,13.415
22.38,15.425
3.9200000000000004,19.705000000000002
21.945,11.485000000000001
7.475,14.175
21.99,15.755
3.915,19.275000000000002
22.51,11.345
7.404999999999999,13.3
21.78,14.985000000000001
4.255,19.855
22.655,11.25
4.355,19.405
22.175,11.435
7.114999999999999,14.18
22.355,15.72
6.984999999999999,13.455
21.65,15.655000000000001
3.645,19.62
22.240000000000002,11.225000000000001
3.615,19.46
22.545,10.950000000000001
7.71,13.945
21.85,15.18
7.35,13.545
22.15,15.425
3.96,19.91
22.195,11.645000000000001
4.17,19.52
22.21,11.175
7.26,14.185
22.13,15.295
7.125,13.66
21.535,15.43
3.87,19.62
22.35,11.620000000000001
3.83,19.54
22.44,10.895000000000001
7.695,14.475
21.95,14.97
4.569999999999999,19.835
22.0,11.505
7.71,14.225
22.04,15.5
3.9699999999999998,20.425
22.395,10.930000000000001
6.885,14.389999999999999
22.154999999999998,15.245000000000001
7.194999999999999,14.04
21.77,15.335
4.25,19.95
21.935,10.775
17.025,7.685
4.415,20.72
21.74,10.75
7.425,14.51
21.525,15.135000000000002
7.345,14.01
22.244999999999997,15.34
16.955,7.55
4.6049999999999995,20.215
22.11,11.43
17.064999999999998,7.654999999999999
3.9799999999999995,20.4
22.014999999999997,10.83
6.945,14.355
22.029999999999998,15.115
17.264999999999997,7.5649999999999995
4.4399999999999995,20.575
21.604999999999997,11.379999999999999
7.075,13.91
22.139999999999997,15.350000000000001
7.41,14.475
22.119999999999997,15.200000000000001
16.779999999999998,7.6049999999999995
4.5,19.905
21.564999999999998,10.9
7.64,13.99
21.72,15.270000000000001
16.535,7.359999999999999
4.01,20.38
21.52,11.12
17.29,7.824999999999999
4.395,20.27
21.86,10.785
7.08,14.41
22.325,15.47
16.549999999999997,7.435
4.444999999999999,20.175
22.24,11.27
6.984999999999999,14.31
22.25,15.135000000000002
17.264999999999997,7.725
3.9449999999999994,20.005
21.919999999999998,10.709999999999999
7.325,14.485
21.619999999999997,15.635000000000002
7.545,14.219999999999999
21.755,14.83
17.139999999999997,7.595
4.415,20.37
22.08,11.44
16.604999999999997,7.96
4.744999999999999,20.22
22.005,10.65
7.1499999999999995,14.385
22.279999999999998,15.585
16.5,7.51
4.21,20.305
21.615,11.37
7.76,14.879999999999999
22.119999999999997,15.290000000000001
7.17,15.27
21.869999999999997,15.65
17.099999999999998,7.734999999999999
4.1499999999999995,19.97
21.84,10.77
7.659999999999999,15.16
21.854999999999997,15.3
17.314999999999998,7.364999999999999
4.73,21.450000000000003
22.095,11.54